-0.072824941,-0.017296031000000003
-0.067713885,-0.017934911
-0.061963947,-0.016657151000000002
-0.05653345,-0.016976591000000003
-0.051741835,-0.017296031000000003
-0.046311338,-0.017296031000000003
-0.041839164,-0.017615471
-0.036089226,-0.017296031000000003
-0.03097817,-0.017296031000000003
-0.026505996,-0.017934911
-0.020756058,-0.017296031000000003
-0.015964443,-0.017615471
-0.009895063999999999,-0.016976591000000003
-0.004464567,-0.017615471
7.607000000000186e-06,-0.017934911
0.005438104000000001,-0.016976591000000003
0.011188042,-0.016976591000000003
0.016299098,-0.017296031000000003
0.021090713,-0.017934911
0.02652121,-0.017296031000000003
0.031951707,-0.016976591000000003
0.037701645,-0.016976591000000003
0.042493260000000005,-0.017615471
0.047284875,-0.017296031000000003
0.052395931,-0.017934911
0.058145869,-0.017296031000000003
0.063576366,-0.017934911
0.067729099,-0.017615471
0.07315959599999998,-0.017615471
0.07795121099999998,-0.017296031000000003
0.08306226699999998,-0.017615471
0.08785388199999998,-0.017934911
0.092964938,-0.017615471
0.098395435,-0.017615471
0.102867609,-0.017934911
0.107659224,-0.017615471
0.11277028,-0.017615471
0.117881336,-0.016976591000000003
0.122034069,-0.017934911
0.126825684,-0.017934911
0.131617299,-0.017615471
0.137367237,-0.016976591000000003
0.14151997,-0.017615471
0.146631026,-0.017615471
0.151742082,-0.017934911
0.156533697,-0.016976591000000003
0.161964194,-0.017296031000000003
0.16707525,-0.017615471
0.172505747,-0.017615471
0.176019598,-0.017615471
0.181450095,-0.017296031000000003
0.185602828,-0.017615471
0.190075002,-0.017615471
0.195505499,-0.016976591000000003
0.200616555,-0.017934911
0.204769288,-0.017296031000000003
0.209560903,-0.017615471
0.214033077,-0.017615471
0.218824692,-0.017615471
0.222977425,-0.017934911
0.22776904,-0.017296031000000003
0.232560655,-0.018254351
0.237671711,-0.016976591000000003
0.242782767,-0.017296031000000003
0.247574382,-0.018254351
0.252365997,-0.017934911
0.256838171,-0.017615471
0.261310345,-0.017934911
0.266421401,-0.017934911
0.270574134,-0.017615471
0.275046308,-0.017934911
0.280157364,-0.017934911
0.284629538,-0.017615471
0.289101712,-0.017296031000000003
0.293893327,-0.017934911
0.29804606,-0.017296031000000003
0.303157116,-0.018254351
0.30762929,-0.017615471
0.312420905,-0.017934911
0.316573638,-0.017615471
0.321045812,-0.017296031000000003
0.326156868,-0.017615471
0.330948483,-0.017615471
0.335420657,-0.017615471
0.339892831,-0.018573791000000003
0.344045564,-0.018573791000000003
0.348517738,-0.017934911
0.352670471,-0.017615471
0.357142645,-0.018254351
0.361614819,-0.017615471
0.366406434,-0.017615471
0.37151749,-0.017934911
0.376309105,-0.017934911
0.380461838,-0.017296031000000003
0.385572894,-0.018254351
0.389406186,-0.018254351
0.394197801,-0.017934911
0.398669975,-0.017934911
0.402822708,-0.018254351
0.406975441,-0.018254351
0.410808733,-0.017615471
0.414642025,-0.018573791000000003
0.419114199,-0.017934911
0.423266932,-0.017934911
0.427739106,-0.017934911
0.431891839,-0.017296031000000003
0.437002895,-0.017296031000000003
0.441155628,-0.017615471
0.445947243,-0.018254351
0.451697181,-0.017615471
0.455530473,-0.017296031000000003
0.460322088,-0.017934911
0.465433144,-0.017934911
0.4705442,-0.017615471
0.475016374,-0.017934911
0.480446871,-0.016976591000000003
0.484919045,-0.017615471
0.489391219,-0.017934911
0.494182834,-0.018254351
0.498974449,-0.018254351
0.503766064,-0.017615471
0.507279915,-0.018254351
0.5123909710000001,-0.017296031000000003
0.5171825860000001,-0.017615471
0.5216547600000001,-0.017615471
0.525488052,-0.017615471
0.5302796670000001,-0.017615471
0.5360296050000001,-0.017615471
0.539862897,-0.017615471
0.5443350710000001,-0.017615471
0.5494461270000001,-0.017296031000000003
0.554557183,-0.017296031000000003
0.5596682390000001,-0.017296031000000003
0.564779295,-0.017296031000000003
0.569251469,-0.016657151000000002
0.5737236430000001,-0.013462751000000002
0.5781958170000001,-0.011226671
0.582029109,-0.009310031000000002
0.587459606,-0.006435071000000001
0.5916123390000001,-0.005476751000000001
0.5957650720000001,-0.0035601110000000004
0.601195569,-0.0006851510000000002
0.6059871840000001,-0.00036571100000000033
0.61109824,0.0005926089999999998
0.6149315320000001,0.002189809
0.619084265,0.006342529
0.6232369980000001,0.012092449000000002
0.6277091720000001,0.010814689000000002
0.6321813460000001,0.012731329000000005
0.6366535200000001,0.016564609
0.6411256940000001,0.017522929000000003
0.6465561910000001,0.021036769000000004
0.650708924,0.023911729000000003
0.6558199800000001,0.024550609000000004
0.659972713,0.02838388900000001
0.6647643280000001,0.027745009000000005
0.6695559430000001,0.033175489
0.673389235,0.03509212900000001
0.678819732,0.03573100900000001
0.6832919060000001,0.041800369
0.6884029620000001,0.04052260900000001
0.693833459,0.04467532900000001
0.698305633,0.04914748900000001
0.704055571,0.047230849000000005
0.708527745,0.05553628900000001
0.7136388010000001,0.05425852900000001
0.71970818,0.05457796900000001
0.72290259,0.063202849
0.728971969,0.05905012900000001
0.734402466,0.064161169
0.737916317,0.069591649
0.744624578,0.06352228900000001
0.749096752,0.07438324900000001
0.752930044,0.07470268900000002
0.759638305,0.069591649
0.7621938330000002,0.08332756900000003
0.76762433,0.078216529
0.7733742680000002,0.075022129
0.7759297960000001,0.090994129
0.781999175,0.082369249
0.787429672,0.083647009
0.7899852,0.097063489
0.7960545790000002,0.08556364900000003
0.801485076,0.08875804900000003
0.804679486,0.08971636900000003
0.811068306,0.07693876900000003
0.8152210390000002,0.08428588900000002
0.8196932130000002,0.075022129
0.82512371,0.07566100900000002
0.82831812,0.079174849
0.8343874990000002,0.07214716900000001
0.8369430270000001,0.082369249
0.84109576,0.07629988900000001
0.845567934,0.081410929
0.849720667,0.080452609
0.8561094870000001,0.07757764900000001
0.8583455740000001,0.08013316900000003
0.864734394,0.07246660900000002
0.8682482450000002,0.075980449
0.8717620960000002,0.068633329
0.8752759470000001,0.07310548900000001
0.87942868,0.06671668900000001
0.88262309,0.072786049
0.8854980590000001,0.06831388900000002
0.890289674,0.07310548900000001
0.8931646430000002,0.06991108900000001
0.8966784940000002,0.07310548900000001
0.899234022,0.06991108900000001
0.903067314,0.07086940900000001
0.906261724,0.06703612900000001
0.909456134,0.068633329
0.912650544,0.06575836900000001
0.917122718,0.06831388900000002
0.919358805,0.06511948900000002
0.922872656,0.06927220900000002
0.92734483,0.06607780900000002
0.929900358,0.069591649
0.93373365,0.065438929
0.9372475010000002,0.07023052900000001
0.941400234,0.06480004900000001
0.945552967,0.069591649
0.950025141,0.06448060900000001
0.953538992,0.068633329
0.959927812,0.066397249
0.965038868,0.06799444900000001
0.969830483,0.06671668900000001
0.973024893,0.06511948900000002
0.976858185,0.065438929
0.980372036,0.06032788900000001
0.984524769,0.062883409
0.989955266,0.060008449000000005
0.994107999,0.061605649000000005
0.997941291,0.06192508900000001
1.001135701,0.06064732900000001
1.00401067,0.063202849
1.007524521,0.05968900900000001
1.010718931,0.060008449000000005
1.014552223,0.05968900900000001
1.018066074,0.05649460900000001
1.020941043,0.05905012900000001
1.024774335,0.05713348900000001
1.027329863,0.05745292900000001
1.030204832,0.05905012900000001
1.03276036,0.05553628900000001
1.035635329,0.05777236900000001
1.038829739,0.05713348900000001
1.041385267,0.055216849000000005
1.044260236,0.05809180900000001
1.047454646,0.055216849000000005
1.050329615,0.05553628900000001
1.052885143,0.05713348900000001
1.056079553,0.05425852900000001
1.058635081,0.05585572900000001
1.062148932,0.05553628900000001
1.064385019,0.053619649000000005
1.066940547,0.05553628900000001
1.070134957,0.055216849000000005
1.072371044,0.05298076900000001
1.075565454,0.05585572900000001
1.078440423,0.053619649000000005
1.080995951,0.05330020900000001
1.084509802,0.05489740900000001
1.087384771,0.05298076900000001
1.089301417,0.05266132900000001
1.092495827,0.05457796900000001
1.095690237,0.05234188900000001
1.098245765,0.052022449000000005
1.101440175,0.053619649000000005
1.103676262,0.05138356900000001
1.106870672,0.05170300900000001
1.109106759,0.05266132900000001
1.111981728,0.05138356900000001
1.114537256,0.05074468900000001
1.117092784,0.052022449000000005
1.119967753,0.05170300900000001
1.122523281,0.05010580900000001
1.125078809,0.052022449000000005
1.127953778,0.05138356900000001
1.130828747,0.04978636900000001
1.133384275,0.05010580900000001
1.135939803,0.05106412900000001
1.139453654,0.04946692900000001
1.141050859,0.05010580900000001
1.144245269,0.05106412900000001
1.147439679,0.05010580900000001
1.149995207,0.048828049000000005
1.152870176,0.05138356900000001
1.156064586,0.04978636900000001
1.158300673,0.048828049000000005
1.161175642,0.04914748900000001
1.164370052,0.04946692900000001
1.167245021,0.05010580900000001
1.169800549,0.05138356900000001
1.171717195,0.05489740900000001
1.174272723,0.05553628900000001
1.17650881,0.056814049000000005
1.178744897,0.061605649000000005
1.180661543,0.06767500900000001
1.182258748,0.06831388900000002
1.185133717,0.071827729
1.187050363,0.07757764900000001
1.18928645,0.082369249
1.191203096,0.08524420900000002
1.192800301,0.08811916900000001
1.194397506,0.093549649
1.196953034,0.099619009
1.197591916,0.10760500900000002
1.198550239,0.11718820900000002
1.200147444,0.127090849
1.201744649,0.14274340900000002
1.202702972,0.15584044900000002
1.203661295,0.169576369
1.2052585,0.181395649
1.206855705,0.193214929
1.20845291,0.204075889
1.210050115,0.214936849
1.211327879,0.226117249
1.213563966,0.235700449
1.214522289,0.246561409
1.216438935,0.255825169
1.21803614,0.26604724900000004
1.219952786,0.27371380900000003
1.22123055,0.281380369
1.223466637,0.289366369
1.22442496,0.29511628900000003
1.226661047,0.30374116900000003
1.227938811,0.30949108900000005
1.230494339,0.31843540900000006
1.232091544,0.324185329
1.234327631,0.32993524900000004
1.236244277,0.336324049
1.237841482,0.34207396900000003
1.240077569,0.35229604900000006
1.242633097,0.353893249
1.243910861,0.35868484900000003
1.246466389,0.36092092900000006
1.248063594,0.36539308900000006
1.24998024,0.367948609
1.251896886,0.366990289
1.253494091,0.36986524900000006
1.255410737,0.370184689
1.257327383,0.371143009
1.258605147,0.36571252900000006
1.260202352,0.361879249
1.260841234,0.35964316900000004
1.262438439,0.35517100900000004
1.263077321,0.353573809
1.264355085,0.34782388900000005
1.265313408,0.34622668900000003
1.267230054,0.344629489
1.268507818,0.340157329
1.2691467,0.336004609
1.269466141,0.327699169
1.270743905,0.324185329
1.271382787,0.320032609
1.272021669,0.319393729
1.273299433,0.32067148900000003
1.273938315,0.319713169
1.27553552,0.32099092900000004
1.276813284,0.31811596900000005
1.277452166,0.31811596900000005
1.278410489,0.31779652900000005
1.279688253,0.31843540900000006
1.280966017,0.32067148900000003
1.28192434,0.320352049
1.282882663,0.322907569
1.284160427,0.32226868900000005
1.28511875,0.323227009
1.285757632,0.323865889
1.287354837,0.32067148900000003
1.28831316,0.322907569
1.289590924,0.320032609
1.290549247,0.320032609
1.291188129,0.31779652900000005
1.292146452,0.31300492900000004
1.293104775,0.311407729
1.293424216,0.305657809
1.294063098,0.30501892900000005
1.295021421,0.30086620900000005
1.295660303,0.297671809
1.296299185,0.29671348900000005
1.297576949,0.29192188900000005
1.298535272,0.29224132900000005
1.299174154,0.28681084900000003
1.299813036,0.284255329
1.300451918,0.280422049
1.3010908,0.27818596900000003
1.302049123,0.277547089
1.302368564,0.272755489
1.303326887,0.272755489
1.303646328,0.268602769
1.304604651,0.267644449
1.305562974,0.267325009
1.305882415,0.26253340900000005
1.306840738,0.263491729
1.306840738,0.259977889
1.30747962,0.260616769
1.308437943,0.258700129
1.309715707,0.258700129
1.310035148,0.258380689
1.31067403,0.25710292900000004
1.311312912,0.259019569
1.312271235,0.25710292900000004
1.313229558,0.255186289
1.313229558,0.254547409
1.314187881,0.25326964900000004
1.314826763,0.25039468900000006
1.315785086,0.249436369
1.316104527,0.247200289
1.316423968,0.244325329
1.317382291,0.240811489
1.317701732,0.237936529
1.318340614,0.234742129
1.318660055,0.231547729
1.318660055,0.230589409
1.319618378,0.225158929
1.319937819,0.223881169
1.320576701,0.220686769
1.320896142,0.217811809
1.320896142,0.214936849
1.321535024,0.211423009
1.321854465,0.20950636900000005
1.322173906,0.204395329
1.322812788,0.202478689
1.323132229,0.197367649
1.322812788,0.195770449
1.32345167,0.19257604900000003
1.324409993,0.187465009
1.324090552,0.187465009
1.324409993,0.182673409
1.324729434,0.182992849
1.325368316,0.17692348900000002
1.324729434,0.17532628900000002
1.325687757,0.171812449
1.325048875,0.167340289
1.325368316,0.167979169
1.326007198,0.16190980900000002
1.326007198,0.162548689
1.326007198,0.15807652900000002
1.326007198,0.158715409
1.32664608,0.15775708900000002
1.32664608,0.154243249
1.327284962,0.156159889
1.327604403,0.15168772900000002
1.327284962,0.152965489
1.328243285,0.14913220900000002
1.327923844,0.150729409
1.327923844,0.149771089
1.328562726,0.147854449
1.329201608,0.148493329
1.329201608,0.145618369
1.32984049,0.146896129
1.329521049,0.142104529
1.329521049,0.143701729
1.330479372,0.139868449
1.32984049,0.139868449
1.330159931,0.138271249
1.330159931,0.133160209
1.330479372,0.135076849
1.330479372,0.130604689
1.330479372,0.132840769
1.331437695,0.129326929
1.331118254,0.129007489
1.331437695,0.127090849
1.331118254,0.125174209
1.331118254,0.12613252900000002
1.331757136,0.121340929
1.331757136,0.12357700900000002
1.331757136,0.11974372900000002
1.331437695,0.12038260900000002
1.331757136,0.11654932900000002
1.331437695,0.11335492900000002
1.331757136,0.11239660900000002
1.331757136,0.10888276900000002
1.331757136,0.10920220900000002
1.331437695,0.103132849
1.331437695,0.10249396900000002
1.331757136,0.097702369
1.331118254,0.096105169
1.331437695,0.092591329
1.331118254,0.08716084900000001
1.330798813,0.08652196900000003
1.330479372,0.07789708900000002
1.330159931,0.07757764900000001
1.329521049,0.06991108900000001
1.329201608,0.068633329
1.328882167,0.06224452900000001
1.328243285,0.05649460900000001
1.327923844,0.05393908900000001
1.327284962,0.04786972900000001
1.326326639,0.04691140900000001
1.325368316,0.04211980900000001
1.324409993,0.041800369
1.322812788,0.03796708900000001
1.320896142,0.036050449000000005
1.32025726,0.032856049000000005
1.318340614,0.03413380900000001
1.31706285,0.03413380900000001
1.315146204,0.033175489
1.313229558,0.033175489
1.311312912,0.033175489
1.309396266,0.034772689
1.308118502,0.03349492900000001
1.305243533,0.033814369000000004
1.303965769,0.032536609
1.302049123,0.03349492900000001
1.300132477,0.034453249000000005
1.298215831,0.033814369000000004
1.296618626,0.03413380900000001
1.295021421,0.03349492900000001
1.293424216,0.03413380900000001
1.29150757,0.034772689
1.289910365,0.035411569000000004
1.288632601,0.034453249000000005
1.286715955,0.034453249000000005
1.285438191,0.033814369000000004
1.283521545,0.035411569000000004
1.28192434,0.035411569000000004
1.280007694,0.034772689
1.279049371,0.03413380900000001
1.277452166,0.03509212900000001
1.275854961,0.035411569000000004
1.273618874,0.035411569000000004
1.27234111,0.034772689
1.270105023,0.033814369000000004
1.268188377,0.034453249000000005
1.26595229,0.034453249000000005
1.264355085,0.03413380900000001
1.261799557,0.033814369000000004
1.259882911,0.034453249000000005
1.257646824,0.034453249000000005
1.255730178,0.035411569000000004
1.254132973,0.034772689
1.251258004,0.03509212900000001
1.249660799,0.034453249000000005
1.247424712,0.036050449000000005
1.245508066,0.035411569000000004
1.24359142,0.035411569000000004
1.241355333,0.03413380900000001
1.239438687,0.036050449000000005
1.2372026,0.036050449000000005
1.234966513,0.036050449000000005
1.233049867,0.034453249000000005
1.230494339,0.03573100900000001
1.228577693,0.03668932900000001
1.226661047,0.03668932900000001
1.223786078,0.03509212900000001
1.221869432,0.03573100900000001
1.219633345,0.036050449000000005
1.217397258,0.03668932900000001
1.215161171,0.03573100900000001
1.212925084,0.035411569000000004
1.210369556,0.03668932900000001
1.207814028,0.03732820900000001
1.205577941,0.036050449000000005
1.203022413,0.036050449000000005
1.200466885,0.037008769
1.197591916,0.037647649000000005
1.19567527,0.037008769
1.193119742,0.036050449000000005
1.189925332,0.03796708900000001
1.187369804,0.037647649000000005
1.185133717,0.036369889
1.182258748,0.036369889
1.179383779,0.03732820900000001
1.176189369,0.037647649000000005
1.174272723,0.036369889
1.171078313,0.03668932900000001
1.168203344,0.03828652900000001
1.165008934,0.03732820900000001
1.161814524,0.03573100900000001
1.158300673,0.03668932900000001
1.154467381,0.037647649000000005
1.151592412,0.037008769
1.148398002,0.03668932900000001
1.145523033,0.03956428900000001
1.142328623,0.03892540900000001
1.139134213,0.03796708900000001
1.135939803,0.039244849000000005
1.132425952,0.040842049000000005
1.129550983,0.038605969
1.126995455,0.03956428900000001
1.124759368,0.04148092900000001
1.121564958,0.03988372900000001
1.118370548,0.039244849000000005
1.115176138,0.04211980900000001
1.112940051,0.041800369
1.1094262,0.03988372900000001
1.106551231,0.04307812900000001
1.104634585,0.04211980900000001
1.102398498,0.040842049000000005
1.099204088,0.04307812900000001
1.09664856,0.04307812900000001
1.093773591,0.041800369
1.091537504,0.04435588900000001
1.088662535,0.04275868900000001
1.086107007,0.04148092900000001
1.083232038,0.04371700900000001
1.080995951,0.04435588900000001
1.079398746,0.04275868900000001
1.075884895,0.044994769
1.073968249,0.04467532900000001
1.070454398,0.04275868900000001
1.067579429,0.044994769
1.065023901,0.044036449000000005
1.062148932,0.04307812900000001
1.059593404,0.04531420900000001
1.057357317,0.04371700900000001
1.054162907,0.04467532900000001
1.051287938,0.04627252900000001
1.048412969,0.04467532900000001
1.045218559,0.04531420900000001
1.042024149,0.046591969
1.03914918,0.044036449000000005
1.036274211,0.047230849000000005
1.033718683,0.04531420900000001
1.030204832,0.045633649000000005
1.027968745,0.04786972900000001
1.024454894,0.04467532900000001
1.021579925,0.04850860900000001
1.019343838,0.046591969
1.015191105,0.046591969
1.012635577,0.048828049000000005
1.009760608,0.04627252900000001
1.006246757,0.04914748900000001
1.003691229,0.04691140900000001
1.000177378,0.04850860900000001
0.997302409,0.04850860900000001
0.993788558,0.04786972900000001
0.990594148,0.05010580900000001
0.987399738,0.04691140900000001
0.983247005,0.05074468900000001
0.980691477,0.04850860900000001
0.976219303,0.04946692900000001
0.9733443340000002,0.05010580900000001
0.9688721600000002,0.04946692900000001
0.96567775,0.05170300900000001
0.962163899,0.04850860900000001
0.958330607,0.05330020900000001
0.955136197,0.048189169
0.950025141,0.053619649000000005
0.94651129,0.04786972900000001
0.9417196750000002,0.05330020900000001
0.937886383,0.04850860900000001
0.932775327,0.053619649000000005
0.9292614760000002,0.04946692900000001
0.924469861,0.055216849000000005
0.920636569,0.050425249000000005
0.915525513,0.05713348900000001
0.912011662,0.05138356900000001
0.906900606,0.05905012900000001
0.903386755,0.05138356900000001
0.8989145810000002,0.06096676900000001
0.8954007300000002,0.05425852900000001
0.891886879,0.06128620900000001
0.888373028,0.05873068900000001
0.885178618,0.05968900900000001
0.881345326,0.063841729
0.879109239,0.05777236900000001
0.874637065,0.06671668900000001
0.8717620960000002,0.05777236900000001
0.8682482450000002,0.06480004900000001
0.864414953,0.061605649000000005
0.861859425,0.05873068900000001
0.856748369,0.066397249
0.853553959,0.05713348900000001
0.8494012260000001,0.065438929
0.84429017,0.063841729
0.840776319,0.05873068900000001
0.835345822,0.070549969
0.830554207,0.064161169
0.827359797,0.06192508900000001
0.820332095,0.07118884900000001
0.816179362,0.062883409
0.812665511,0.06064732900000001
0.806596132,0.06575836900000001
0.8018045170000001,0.05457796900000001
0.798610107,0.05553628900000001
0.792540728,0.056814049000000005
0.7893463180000002,0.047230849000000005
0.785193585,0.05138356900000001
0.779763088,0.048828049000000005
0.775610355,0.042439249000000005
0.7714576220000001,0.047230849000000005
0.766346566,0.040842049000000005
0.762832715,0.03892540900000001
0.758360541,0.03988372900000001
0.754527249,0.032856049000000005
0.750374516,0.034772689
0.745582901,0.032856049000000005
0.7420690500000001,0.027106129000000003
0.737596876,0.030300529000000007
0.733444143,0.024231169000000004
0.7296108510000001,0.021995089
0.7248192360000002,0.023272849000000005
0.720666503,0.017203489000000002
0.71651377,0.018800689
0.7123610370000001,0.014967409
0.708527745,0.011773009
0.704055571,0.011773009
0.699263956,0.006342529
0.6954306640000001,0.007620289
0.690319608,0.004106449
0.6864863160000001,0.001231489
0.6816947010000001,0.0009120489999999998
0.6772225270000001,-0.0010045910000000004
0.6727503530000001,-0.0006851510000000002
0.6685976200000001,-0.007073951000000001
0.664444887,-0.008990591000000001
0.659653272,-0.009629471
0.655500539,-0.013782191000000004
0.650708924,-0.014740511
0.64623675,-0.016976591000000003
0.6424034580000001,-0.020809871
0.638250725,-0.021448751
0.6331396690000001,-0.021448751
0.6286674950000001,-0.023684831000000003
0.6251536440000001,-0.023365391000000003
0.6200425880000001,-0.023684831000000003
0.614612091,-0.023045951
0.6095010350000001,-0.024004271000000004
0.604389979,-0.023684831000000003
0.5992789230000001,-0.023365391000000003
0.5948067490000001,-0.023365391000000003
0.589695693,-0.023684831000000003
0.5845846370000001,-0.023365391000000003
0.579793022,-0.023045951
0.575001407,-0.023684831000000003
0.5702097920000001,-0.024323711
0.5657376180000001,-0.023365391000000003
0.5612654440000001,-0.024323711
0.5555155060000001,-0.023684831000000003
0.5507238910000001,-0.023684831000000003
0.545612835,-0.023365391000000003
0.541140661,-0.024323711
0.5360296050000001,-0.023365391000000003
0.5318768720000001,-0.024004271000000004
0.526446375,-0.024004271000000004
0.521974201,-0.023365391000000003
0.5171825860000001,-0.023684831000000003
0.5123909710000001,-0.024643151
0.5075993560000001,-0.024004271000000004
0.5021688590000001,-0.023684831000000003
0.497057803,-0.024004271000000004
0.492585629,-0.024323711
0.487794014,-0.023684831000000003
0.482682958,-0.024323711
0.476613579,-0.024004271000000004
0.471821964,-0.024962591000000003
0.465433144,-0.024004271000000004
0.460322088,-0.023684831000000003
0.455211032,-0.024004271000000004
0.450419417,-0.024323711
0.445308361,-0.024004271000000004
0.439558423,-0.023045951
0.435086249,-0.024004271000000004
0.429975193,-0.024004271000000004
0.423905814,-0.024004271000000004
0.419114199,-0.024323711
0.413364261,-0.024004271000000004
0.408253205,-0.023365391000000003
0.403781031,-0.024004271000000004
0.398989416,-0.023684831000000003
0.394197801,-0.023365391000000003
0.390364509,-0.023365391000000003
0.385892335,-0.024004271000000004
0.38110072,-0.024004271000000004
0.376628546,-0.023365391000000003
0.371836931,-0.023365391000000003
0.368003639,-0.023045951
0.363850906,-0.023684831000000003
0.359059291,-0.023684831000000003
0.354267676,-0.023365391000000003
0.349795502,-0.023365391000000003
0.344684446,-0.024004271000000004
0.340212272,-0.023365391000000003
0.335420657,-0.023684831000000003
0.330948483,-0.023684831000000003
0.326156868,-0.023365391000000003
0.321365253,-0.023365391000000003
0.316573638,-0.024004271000000004
0.311462582,-0.023684831000000003
0.306670967,-0.023365391000000003
0.302518234,-0.024004271000000004
0.297087737,-0.024004271000000004
0.291976681,-0.023684831000000003
0.28846283,-0.024004271000000004
0.283351774,-0.023684831000000003
0.2788796,-0.023045951
0.274726867,-0.023684831000000003
0.270574134,-0.023684831000000003
0.265782519,-0.023045951
0.260671463,-0.023684831000000003
0.257477053,-0.023684831000000003
0.252685438,-0.023045951
0.248852146,-0.023684831000000003
0.24374109,-0.024004271000000004
0.239268916,-0.023684831000000003
0.234796742,-0.023365391000000003
0.230644009,-0.023684831000000003
0.225532953,-0.023365391000000003
0.22138022,-0.024004271000000004
0.215949723,-0.023684831000000003
0.211477549,-0.023684831000000003
0.207324816,-0.024004271000000004
0.202533201,-0.023684831000000003
0.197422145,-0.023684831000000003
0.192949971,-0.023684831000000003
0.188477797,-0.024004271000000004
0.184005623,-0.023684831000000003
0.178575126,-0.024643151
0.173783511,-0.023684831000000003
0.168672455,-0.024323711
0.162922517,-0.024004271000000004
0.158450343,-0.023684831000000003
0.153019846,-0.023684831000000003
0.148228231,-0.024323711
0.143756057,-0.023365391000000003
0.138645001,-0.024004271000000004
0.133533945,-0.024004271000000004
0.12842288899999998,-0.024004271000000004
0.123631274,-0.024004271000000004
0.118839659,-0.024004271000000004
0.113409162,-0.023684831000000003
0.108936988,-0.024323711
0.10318705,-0.023684831000000003
0.098714876,-0.023684831000000003
0.094242702,-0.023365391000000003
0.08913164599999998,-0.024004271000000004
0.08434003099999998,-0.024004271000000004
0.07954841599999998,-0.023684831000000003
0.07443735999999998,-0.024004271000000004
0.069965186,-0.023684831000000003
0.065173571,-0.024004271000000004
0.059743074,-0.024004271000000004
0.054951459,-0.024004271000000004
0.049840403000000005,-0.024004271000000004
0.045368229,-0.024323711
0.040257173,-0.024004271000000004
0.034826676,-0.024004271000000004
0.030035061,-0.024004271000000004
0.024285123,-0.024323711
0.019174067000000003,-0.024004271000000004
0.01374357,-0.024323711
0.008313073,-0.024004271000000004
0.0028825760000000004,-0.024643151
-0.00222848,-0.024004271000000004
-0.007339536,-0.024323711
-0.012770033,-0.024323711
-0.01820053,-0.024323711
-0.023311586,-0.024004271000000004
-0.029061524,-0.024323711
-0.034492021,-0.023365391000000003
-0.039603077,-0.024323711
-0.045353015,-0.024004271000000004
-0.05014463,-0.024004271000000004
-0.055575127,-0.024323711
-0.060366742,-0.024004271000000004
-0.065477798,-0.023684831000000003
-0.070588854,-0.024004271000000004
-0.07569991000000001,-0.024004271000000004
-0.08081096600000001,-0.023365391000000003
-0.08528314,-0.023684831000000003
-0.090394196,-0.024004271000000004
-0.09518581100000002,-0.023684831000000003
-0.099657985,-0.024004271000000004
-0.104769041,-0.023365391000000003
-0.109560656,-0.022726511
-0.113393948,-0.024004271000000004
-0.118505004,-0.024323711
-0.12361606,-0.024004271000000004
-0.128088234,-0.024004271000000004
-0.13287984900000002,-0.023365391000000003
-0.137032582,-0.023684831000000003
-0.14214363800000002,-0.024004271000000004
-0.146296371,-0.023684831000000003
-0.151087986,-0.023684831000000003
-0.156199042,-0.024004271000000004
-0.160990657,-0.024004271000000004
-0.166101713,-0.023684831000000003
-0.170573887,-0.024004271000000004
-0.176004384,-0.024323711
-0.180795999,-0.024323711
-0.185907055,-0.024004271000000004
-0.19069867,-0.023365391000000003
-0.195490285,-0.023045951
-0.199962459,-0.023684831000000003
-0.204754074,-0.024004271000000004
-0.208906807,-0.024004271000000004
-0.213698422,-0.024323711
-0.218170596,-0.024004271000000004
-0.223281652,-0.024004271000000004
-0.227753826,-0.023684831000000003
-0.233184323,-0.023365391000000003
-0.237656497,-0.024323711
-0.242128671,-0.024323711
-0.247559168,-0.023684831000000003
-0.251711901,-0.023365391000000003
-0.256503516,-0.023684831000000003
-0.261614572,-0.023684831000000003
-0.266406187,-0.023684831000000003
-0.270878361,-0.024004271000000004
-0.275989417,-0.024004271000000004
-0.280781032,-0.024004271000000004
-0.285572647,-0.023365391000000003
-0.290044821,-0.023365391000000003
-0.294516995,-0.024004271000000004
-0.299628051,-0.023365391000000003
-0.304100225,-0.023684831000000003
-0.309211281,-0.024004271000000004
-0.312725132,-0.023684831000000003
-0.317516747,-0.023684831000000003
-0.322947244,-0.023684831000000003
-0.326780536,-0.023684831000000003
-0.332530474,-0.024004271000000004
-0.33668320700000004,-0.023365391000000003
-0.34115538100000004,-0.024004271000000004
-0.34562755500000003,-0.023365391000000003
-0.35041917,-0.023684831000000003
-0.354891344,-0.024004271000000004
-0.359363518,-0.024004271000000004
-0.363835692,-0.023684831000000003
-0.368946748,-0.024004271000000004
-0.373418922,-0.023684831000000003
-0.378210537,-0.024004271000000004
-0.383321593,-0.024323711
-0.387793767,-0.023045951
-0.392585382,-0.024004271000000004
-0.396738115,-0.023045951
-0.40152973,-0.023045951
-0.405682463,-0.024004271000000004
-0.409835196,-0.023045951
-0.41430737,-0.023365391000000003
-0.418460103,-0.023365391000000003
-0.421654513,-0.022726511
-0.425807246,-0.024004271000000004
-0.429321097,-0.023365391000000003
-0.433793271,-0.023684831000000003
-0.438265445,-0.023684831000000003
-0.44305706,-0.023365391000000003
-0.447209793,-0.024323711
-0.452320849,-0.023045951
-0.456473582,-0.024004271000000004
-0.46222352,-0.024004271000000004
-0.466056812,-0.023684831000000003
-0.470848427,-0.024004271000000004
-0.475640042,-0.023684831000000003
-0.480431657,-0.024323711
-0.485862154,-0.024004271000000004
-0.490014887,-0.023684831000000003
-0.495445384,-0.024004271000000004
-0.50055644,-0.023684831000000003
-0.504709173,-0.023365391000000003
-0.5101396699999999,-0.023684831000000003
-0.5146118439999999,-0.024004271000000004
-0.518445136,-0.023684831000000003
-0.52291731,-0.024004271000000004
-0.527708925,-0.024004271000000004
-0.532181099,-0.024004271000000004
-0.536653273,-0.023365391000000003
-0.541444888,-0.023684831000000003
-0.546555944,-0.024004271000000004
-0.551347559,-0.024004271000000004
-0.555819733,-0.024004271000000004
-0.560611348,-0.024323711
-0.5654029629999999,-0.024004271000000004
-0.570194578,-0.024323711
-0.575305634,-0.024643151
-0.58041669,-0.027837551
-0.584888864,-0.029434751
-0.589680479,-0.032629151
-0.594152653,-0.034545791000000006
-0.59958315,-0.036142991000000006
-0.6037358829999999,-0.038698511000000005
-0.607888616,-0.040295711000000005
-0.6139579949999999,-0.040615151
-0.619069051,-0.044448431
-0.623541225,-0.04860115100000001
-0.6286522809999999,-0.049878911000000005
-0.632166132,-0.053073311000000005
-0.6375966289999999,-0.05339275100000001
-0.6420688029999999,-0.05562883100000001
-0.647179859,-0.05914267100000001
-0.65069371,-0.05882323100000001
-0.655485325,-0.06393427100000001
-0.6602769399999999,-0.064253711
-0.665707437,-0.067448111
-0.669540729,-0.07096195100000001
-0.6749712259999999,-0.070642511
-0.679762841,-0.07639243100000001
-0.684873897,-0.07639243100000001
-0.68902663,-0.07894795100000002
-0.693179363,-0.08437843100000003
-0.699568183,-0.081503471
-0.704040357,-0.090447791
-0.709790295,-0.089808911
-0.715220792,-0.091406111
-0.7190540839999999,-0.099072671
-0.7257623449999998,-0.094281071
-0.7302345189999998,-0.10130875100000002
-0.7350261339999998,-0.10482259100000002
-0.741095513,-0.10035043100000002
-0.7449288049999998,-0.111530831
-0.7500398609999999,-0.10897531100000002
-0.7551509169999998,-0.10769755100000002
-0.75930365,-0.118877951
-0.7653730289999998,-0.111850271
-0.7701646439999998,-0.116002991
-0.773039613,-0.12590563100000002
-0.7791089919999998,-0.117919631
-0.7835811659999998,-0.12462787100000002
-0.7867755759999998,-0.13069723100000002
-0.7934838369999998,-0.11951683100000002
-0.7969976879999998,-0.13229443100000005
-0.800192098,-0.13580827100000004
-0.8072197999999998,-0.12526675100000004
-0.8104142099999998,-0.13580827100000004
-0.8152058249999998,-0.12750283100000004
-0.8222335269999999,-0.12079459100000002
-0.8244696139999999,-0.12558619100000004
-0.8311778749999998,-0.112808591
-0.8346917259999999,-0.120155711
-0.838205577,-0.11728075100000002
-0.8449138379999999,-0.11728075100000002
-0.8471499249999999,-0.12303067100000002
-0.8535387449999998,-0.118877951
-0.8557748319999998,-0.12558619100000004
-0.8605664469999998,-0.11760019100000002
-0.865358062,-0.121114031
-0.8682330309999998,-0.114725231
-0.873344087,-0.114725231
-0.8765384969999999,-0.111850271
-0.8816495529999998,-0.11089195100000002
-0.8842050809999998,-0.11312803100000002
-0.8873994909999998,-0.109614191
-0.8899550189999998,-0.11504467100000002
-0.8944271929999998,-0.11025307100000002
-0.8966632799999998,-0.11632243100000002
-0.900816013,-0.109294751
-0.904010423,-0.11536411100000002
-0.908163156,-0.108336431
-0.911038125,-0.113766911
-0.914551976,-0.107058671
-0.918385268,-0.11312803100000002
-0.9218991190000002,-0.10578091100000002
-0.925093529,-0.112808591
-0.929565703,-0.10673923100000002
-0.932440672,-0.11344747100000002
-0.937871169,-0.10801699100000002
-0.940746138,-0.112808591
-0.945537753,-0.109294751
-0.950329368,-0.112808591
-0.956398747,-0.11025307100000002
-0.961509803,-0.10993363100000002
-0.965023654,-0.10897531100000002
-0.967898623,-0.10578091100000002
-0.972690238,-0.10673923100000002
-0.976204089,-0.10258651100000002
-0.980356822,-0.10482259100000002
-0.987065083,-0.102905951
-0.990259493,-0.105142031
-0.994092785,-0.105142031
-0.996328872,-0.103864271
-0.999842723,-0.10578091100000002
-1.003676015,-0.102267071
-1.007189866,-0.102905951
-1.0107037170000002,-0.10130875100000002
-1.013898127,-0.09971155100000001
-1.017092537,-0.10162819100000002
-1.0199675060000002,-0.098753231
-1.023161916,-0.100669871
-1.0263563260000002,-0.10035043100000002
-1.028592413,-0.09939211100000002
-1.0311479410000002,-0.10130875100000002
-1.034981233,-0.098114351
-1.03721732,-0.09971155100000001
-1.0400922890000002,-0.099072671
-1.042967258,-0.09651715100000001
-1.046161668,-0.09971155100000001
-1.0493560780000002,-0.097475471
-1.0512727240000002,-0.098114351
-1.054467134,-0.099072671
-1.0579809850000002,-0.09651715100000001
-1.060217072,-0.098114351
-1.063730923,-0.098433791
-1.06596701,-0.095558831
-1.06916142,-0.097794911
-1.072675271,-0.09651715100000001
-1.075230799,-0.095878271
-1.077786327,-0.097475471
-1.0809807370000002,-0.095878271
-1.084175147,-0.095558831
-1.087050116,-0.097156031
-1.0896056440000002,-0.094919951
-1.092480613,-0.095239391
-1.095675023,-0.09619771100000002
-1.098230551,-0.094919951
-1.101424961,-0.094919951
-1.10429993,-0.09619771100000002
-1.1078137810000002,-0.094281071
-1.109730427,-0.094281071
-1.112924837,-0.095239391
-1.1167581290000002,-0.09332275100000001
-1.1189942160000002,-0.094281071
-1.1215497440000002,-0.094281071
-1.125063595,-0.09332275100000001
-1.127619123,-0.092364431
-1.130813533,-0.094600511
-1.133688502,-0.09300331100000002
-1.136563471,-0.092044991
-1.1397578810000002,-0.09300331100000002
-1.14263285,-0.09332275100000001
-1.14582726,-0.091086671
-1.146785583,-0.09300331100000002
-1.1506188750000002,-0.092044991
-1.154452167,-0.091406111
-1.157007695,-0.091725551
-1.159563223,-0.092683871
-1.162438192,-0.091086671
-1.165313161,-0.090447791
-1.167868689,-0.092044991
-1.170424217,-0.091406111
-1.172979745,-0.089808911
-1.1758547140000002,-0.090447791
-1.1780908010000002,-0.09332275100000001
-1.18096577,-0.094281071
-1.183201857,-0.09619771100000002
-1.184479621,-0.099072671
-1.187993472,-0.10258651100000002
-1.189590677,-0.105461471
-1.1915073230000002,-0.111530831
-1.193423969,-0.115683551
-1.1959794970000002,-0.11823907100000002
-1.197896143,-0.12271123100000002
-1.199173907,-0.12814171100000002
-1.201409994,-0.13325275100000003
-1.20332664,-0.13453051100000002
-1.2049238450000002,-0.13964155100000003
-1.206840491,-0.14730811100000005
-1.208118255,-0.15561355100000004
-1.208437696,-0.16615507100000004
-1.210993224,-0.17701603100000005
-1.2119515470000002,-0.19011307100000005
-1.213229311,-0.20129347100000003
-1.214507075,-0.21151555100000005
-1.215784839,-0.22205707100000005
-1.216743162,-0.23387635100000004
-1.218020926,-0.2440984310000001
-1.219618131,-0.25304275100000007
-1.2208958950000002,-0.26390371100000004
-1.2224931,-0.27380635100000006
-1.224409746,-0.28498675100000004
-1.22568751,-0.292653311
-1.227284715,-0.30255595100000005
-1.22888192,-0.31245859100000006
-1.231118007,-0.32044459100000006
-1.233034653,-0.32875003100000005
-1.2343124170000002,-0.3344999510000001
-1.236229063,-0.34248595100000007
-1.238145709,-0.34695811100000007
-1.239423473,-0.35430523100000005
-1.24165956,-0.3603745910000001
-1.2435762060000002,-0.36708283100000005
-1.2454928520000002,-0.37219387100000006
-1.246770616,-0.374429951
-1.248687262,-0.3814576310000001
-1.250923349,-0.38433259100000006
-1.2525205540000002,-0.38976307100000007
-1.2544372,-0.3913602710000001
-1.256673287,-0.3958324310000001
-1.258589933,-0.3983879510000001
-1.260187138,-0.40158235100000006
-1.2617843430000002,-0.40541563100000005
-1.263381548,-0.4031795510000001
-1.266575958,-0.40541563100000005
-1.266575958,-0.3999851510000001
-1.268812045,-0.4028601110000001
-1.270089809,-0.39711019100000006
-1.271048132,-0.3948741110000001
-1.2726453370000002,-0.39327691100000006
-1.273284219,-0.387526991
-1.274242542,-0.38880475100000006
-1.275520306,-0.37986043100000005
-1.276478629,-0.3795409910000001
-1.277756393,-0.37251331100000007
-1.278714716,-0.3686800310000001
-1.279353598,-0.365805071
-1.280311921,-0.35941627100000006
-1.280631362,-0.3626106710000001
-1.282228567,-0.3571801910000001
-1.283506331,-0.3603745910000001
-1.2841452130000002,-0.3571801910000001
-1.285103536,-0.35462467100000006
-1.286061859,-0.35749963100000004
-1.287339623,-0.35462467100000006
-1.287659064,-0.3606940310000001
-1.2886173870000002,-0.35749963100000004
-1.290534033,-0.3645273110000001
-1.292450679,-0.36388843100000007
-1.2930895610000002,-0.3645273110000001
-1.294047884,-0.3667633910000001
-1.295006207,-0.35941627100000006
-1.29596453,-0.36293011100000006
-1.296922853,-0.3562218710000001
-1.2975617350000002,-0.3571801910000001
-1.299478381,-0.35366635100000005
-1.2997978220000002,-0.35111083100000007
-1.300756145,-0.35143027100000007
-1.301395027,-0.3440831510000001
-1.3023533500000002,-0.3440831510000001
-1.3020339090000002,-0.33577771100000003
-1.302992232,-0.33641659100000004
-1.303631114,-0.33354163100000006
-1.304908878,-0.32906947100000006
-1.306186642,-0.32906947100000006
-1.30554776,-0.3220417910000001
-1.307783847,-0.32523619100000006
-1.307783847,-0.31916683100000004
-1.30874217,-0.32044459100000006
-1.309381052,-0.3175696310000001
-1.310019934,-0.31181971100000005
-1.310658816,-0.31277803100000007
-1.3112976980000002,-0.3089447510000001
-1.312256021,-0.30830587100000006
-1.312575462,-0.3051114710000001
-1.313853226,-0.30670867100000004
-1.314172667,-0.30862531100000007
-1.314811549,-0.3051114710000001
-1.315450431,-0.30351427100000006
-1.316089313,-0.30031987100000007
-1.317047636,-0.29968099100000006
-1.317047636,-0.29904211100000005
-1.318644841,-0.29872267100000005
-1.318964282,-0.29808379100000004
-1.319283723,-0.29393107100000004
-1.320561487,-0.292653311
-1.320561487,-0.2920144310000001
-1.322158692,-0.28754227100000007
-1.322158692,-0.29041723100000005
-1.323436456,-0.28658395100000006
-1.3227975740000002,-0.2840284310000001
-1.323755897,-0.28179235100000005
-1.323755897,-0.2795562710000001
-1.325353102,-0.2750841110000001
-1.3250336610000002,-0.27157027100000003
-1.325991984,-0.26933419100000006
-1.326311425,-0.2664592310000001
-1.3269503070000002,-0.26358427100000004
-1.327589189,-0.2623065110000001
-1.3269503070000002,-0.25975099100000004
-1.328547512,-0.25943155100000004
-1.328547512,-0.25304275100000007
-1.328547512,-0.25112611100000004
-1.328547512,-0.24665395100000004
-1.3291863940000002,-0.24218179100000004
-1.329825276,-0.24058459100000004
-1.330144717,-0.23355691100000003
-1.329825276,-0.23164027100000004
-1.330144717,-0.22876531100000003
-1.330464158,-0.22684867100000008
-1.3314224810000002,-0.22461259100000008
-1.330783599,-0.22141819100000004
-1.33110304,-0.22014043100000005
-1.332061363,-0.21726547100000004
-1.3314224810000002,-0.21598771100000003
-1.332380804,-0.21247387100000004
-1.332700245,-0.21183499100000008
-1.333019686,-0.20959891100000003
-1.332700245,-0.20768227100000003
-1.3339780090000002,-0.20800171100000003
-1.3336585680000002,-0.20704339100000005
-1.3336585680000002,-0.20864059100000004
-1.33429745,-0.20640451100000004
-1.334616891,-0.20544619100000008
-1.335575214,-0.20576563100000003
-1.335255773,-0.20384899100000003
-1.3358946550000002,-0.20416843100000004
-1.3362140960000002,-0.20225179100000004
-1.3362140960000002,-0.20225179100000004
-1.336533537,-0.20257123100000005
-1.337172419,-0.20033515100000004
-1.337811301,-0.19873795100000005
-1.33749186,-0.19490467100000003
-1.3384501830000002,-0.19330747100000004
-1.337811301,-0.19202971100000005
-1.33749186,-0.19011307100000005
-1.3381307420000002,-0.18819643100000005
-1.3384501830000002,-0.18564091100000005
-1.3381307420000002,-0.18532147100000004
-1.3384501830000002,-0.18308539100000004
-1.339089065,-0.18180763100000005
-1.338769624,-0.18180763100000005
-1.3384501830000002,-0.17829379100000003
-1.339089065,-0.17733547100000005
-1.339727947,-0.17318275100000005
-1.339408506,-0.17414107100000004
-1.339408506,-0.17254387100000004
-1.339089065,-0.17190499100000003
-1.339408506,-0.16998835100000004
-1.340047388,-0.16615507100000004
-1.339727947,-0.16519675100000003
-1.340366829,-0.16455787100000005
-1.339727947,-0.16391899100000004
-1.340047388,-0.16296067100000003
-1.340366829,-0.15912739100000003
-1.3406862700000002,-0.15880795100000003
-1.3406862700000002,-0.15369691100000005
-1.341005711,-0.15178027100000002
-1.340047388,-0.14986363100000002
-1.340366829,-0.14571091100000003
-1.340047388,-0.14379427100000003
-1.340047388,-0.13804435100000004
-1.340047388,-0.13548883100000003
-1.339089065,-0.13101667100000003
-1.339089065,-0.12750283100000004
-1.339089065,-0.124308431
-1.339089065,-0.11855851100000002
-1.339089065,-0.11632243100000002
-1.3384501830000002,-0.11089195100000002
-1.3381307420000002,-0.107058671
-1.337811301,-0.101947631
-1.337172419,-0.097794911
-1.336533537,-0.093961631
-1.335575214,-0.08917003100000001
-1.334936332,-0.08501731100000001
-1.333339127,-0.084697871
-1.332380804,-0.08278123100000001
-1.3314224810000002,-0.07862851100000001
-1.329825276,-0.07575355100000002
-1.328228071,-0.073836911
-1.325991984,-0.07575355100000002
-1.3247142200000002,-0.075114671
-1.323436456,-0.07543411100000001
-1.320880928,-0.07415635100000001
-1.319283723,-0.07351747100000001
-1.317367077,-0.075114671
-1.315450431,-0.075114671
-1.313853226,-0.07639243100000001
-1.31193658,-0.075114671
-1.309381052,-0.075114671
-1.3090616110000002,-0.07575355100000002
-1.30554776,-0.07639243100000001
-1.3045894370000002,-0.076072991
-1.302672791,-0.07575355100000002
-1.300756145,-0.07543411100000001
-1.2997978220000002,-0.07639243100000001
-1.298200617,-0.07735075100000001
-1.296283971,-0.07767019100000001
-1.2956450890000002,-0.07671187100000001
-1.293728443,-0.076072991
-1.2911729150000002,-0.076072991
-1.289895151,-0.07639243100000001
-1.288297946,-0.07735075100000001
-1.2863813000000002,-0.07575355100000002
-1.2841452130000002,-0.07543411100000001
-1.28318689,-0.07575355100000002
-1.281270244,-0.077031311
-1.279353598,-0.077031311
-1.27679807,-0.07639243100000001
-1.2748814240000002,-0.07639243100000001
-1.273284219,-0.077031311
-1.271367573,-0.07735075100000001
-1.2704092500000002,-0.077031311
-1.2681731630000002,-0.07639243100000001
-1.2662565170000002,-0.076072991
-1.2640204300000002,-0.07735075100000001
-1.262423225,-0.07767019100000001
-1.260187138,-0.07767019100000001
-1.258589933,-0.076072991
-1.256673287,-0.07767019100000001
-1.2544372,-0.077989631
-1.252839995,-0.07894795100000002
-1.250923349,-0.07671187100000001
-1.2480483800000002,-0.077031311
-1.246451175,-0.07767019100000001
-1.244534529,-0.078309071
-1.242298442,-0.07767019100000001
-1.240062355,-0.07671187100000001
-1.238145709,-0.07735075100000001
-1.235590181,-0.078309071
-1.233354094,-0.07735075100000001
-1.230798566,-0.077031311
-1.228243038,-0.07767019100000001
-1.226326392,-0.07767019100000001
-1.224409746,-0.078309071
-1.221534777,-0.07767019100000001
-1.21929869,-0.07767019100000001
-1.2164237210000002,-0.078309071
-1.2138681930000002,-0.07894795100000002
-1.211312665,-0.077031311
-1.208757137,-0.07735075100000001
-1.205882168,-0.07894795100000002
-1.203965522,-0.07894795100000002
-1.201090553,-0.07862851100000001
-1.198854466,-0.078309071
-1.195660056,-0.079267391
-1.1937434100000002,-0.07958683100000001
-1.190549,-0.07894795100000002
-1.187993472,-0.07958683100000001
-1.185757385,-0.080225711
-1.183521298,-0.08054515100000001
-1.1803268880000002,-0.078309071
-1.1777713600000002,-0.080225711
-1.174896391,-0.07990627100000001
-1.172660304,-0.07894795100000002
-1.169465894,-0.079267391
-1.166271484,-0.080225711
-1.164035397,-0.08054515100000001
-1.160840987,-0.07958683100000001
-1.157327136,-0.079267391
-1.154132726,-0.08086459100000001
-1.1509383160000002,-0.07990627100000001
-1.1483827880000002,-0.079267391
-1.144868937,-0.08086459100000001
-1.142313409,-0.08118403100000003
-1.138799558,-0.08054515100000001
-1.135605148,-0.08118403100000003
-1.132091297,-0.08182291100000001
-1.129216328,-0.08054515100000001
-1.126341359,-0.08214235100000002
-1.1237858310000002,-0.08310067100000001
-1.120591421,-0.08182291100000001
-1.117397011,-0.081503471
-1.1148414830000002,-0.08405899100000001
-1.111966514,-0.08310067100000001
-1.109091545,-0.08278123100000001
-1.106216576,-0.085656191
-1.1033416070000002,-0.08373955100000001
-1.100466638,-0.08373955100000001
-1.09791111,-0.08501731100000001
-1.095036141,-0.08437843100000003
-1.0921611720000002,-0.08278123100000001
-1.0899250850000002,-0.085656191
-1.087050116,-0.08437843100000003
-1.083855706,-0.08405899100000001
-1.081300178,-0.08597563100000001
-1.077786327,-0.08437843100000003
-1.074591917,-0.08437843100000003
-1.072675271,-0.08725339100000001
-1.06916142,-0.08501731100000001
-1.065647569,-0.08597563100000001
-1.063092041,-0.08757283100000003
-1.059897631,-0.08533675100000002
-1.05638378,-0.08757283100000003
-1.054467134,-0.087892271
-1.052231047,-0.086614511
-1.048717196,-0.08948947100000001
-1.046481109,-0.08693395100000001
-1.04360614,-0.088850591
-1.041689494,-0.089808911
-1.039133966,-0.08725339100000001
-1.036258997,-0.08917003100000001
-1.032745146,-0.08853115100000002
-1.030189618,-0.08853115100000002
-1.027953531,-0.089808911
-1.025078562,-0.087892271
-1.0218841520000002,-0.090447791
-1.019009183,-0.088850591
-1.016134214,-0.089808911
-1.013259245,-0.089808911
-1.009745394,-0.08853115100000002
-1.0062315430000002,-0.090767231
-1.003676015,-0.08917003100000001
-0.999842723,-0.09012835100000001
-0.996648313,-0.090767231
-0.992815021,-0.09012835100000001
-0.989940052,-0.092683871
-0.98610676,-0.090447791
-0.982592909,-0.09332275100000001
-0.979398499,-0.089808911
-0.974606884,-0.093961631
-0.972370797,-0.090767231
-0.9682180640000002,-0.093642191
-0.965023654,-0.092683871
-0.96055148,-0.09300331100000002
-0.957995952,-0.093642191
-0.952565455,-0.09300331100000002
-0.9490516040000002,-0.094600511
-0.944898871,-0.091725551
-0.940107256,-0.094919951
-0.9349962,-0.091406111
-0.930524026,-0.094919951
-0.92541297,-0.092364431
-0.920621355,-0.094600511
-0.915190858,-0.095558831
-0.911038125,-0.09619771100000002
-0.905288187,-0.09971155100000001
-0.902093777,-0.09619771100000002
-0.897302162,-0.103864271
-0.893788311,-0.097156031
-0.8896355779999998,-0.106419791
-0.8861217269999998,-0.100989311
-0.882607876,-0.103864271
-0.878135702,-0.10258651100000002
-0.8749412919999998,-0.099072671
-0.869830236,-0.10673923100000002
-0.8672747079999998,-0.098753231
-0.8637608569999998,-0.10673923100000002
-0.8583303599999998,-0.106100351
-0.8560942729999999,-0.100989311
-0.8500248939999998,-0.112489151
-0.846511043,-0.10450315100000002
-0.8433166329999998,-0.10482259100000002
-0.8375666949999998,-0.11408635100000002
-0.834052844,-0.10354483100000002
-0.82958067,-0.10801699100000002
-0.8244696139999999,-0.11344747100000002
-0.8206363219999998,-0.103225391
-0.818080794,-0.105142031
-0.8116919739999998,-0.10162819100000002
-0.809136446,-0.092044991
-0.8049837129999998,-0.099072671
-0.798914334,-0.096836591
-0.7960393649999998,-0.09012835100000001
-0.792206073,-0.095239391
-0.7867755759999998,-0.086614511
-0.7839006069999999,-0.08437843100000003
-0.779428433,-0.08917003100000001
-0.7746368179999998,-0.08054515100000001
-0.7714424079999999,-0.082461791
-0.7666507929999998,-0.07958683100000001
-0.76249806,-0.07351747100000001
-0.758345327,-0.07735075100000001
-0.753553712,-0.07255915100000002
-0.750359302,-0.069684191
-0.745567687,-0.07000363100000001
-0.741414954,-0.06361483100000001
-0.7372622209999998,-0.06585091100000001
-0.7327900469999998,-0.06393427100000001
-0.7292761959999998,-0.060100991000000006
-0.7251234629999999,-0.060739871000000015
-0.7206512889999999,-0.054670511000000005
-0.716498556,-0.053712191000000006
-0.712026382,-0.052114991000000006
-0.707873649,-0.047642831
-0.703401475,-0.04955947100000001
-0.698929301,-0.04476787100000001
-0.694457127,-0.043809551
-0.689984953,-0.041254031
-0.6851933379999999,-0.037101311000000005
-0.681040605,-0.03678187100000001
-0.675610108,-0.034545791000000006
-0.6714573749999999,-0.032309711000000005
-0.6669852009999999,-0.030393071
-0.662832468,-0.026879231000000003
-0.658679735,-0.026240351
-0.6535686789999999,-0.023045951
-0.650374269,-0.019851551
-0.6455826539999999,-0.020490431000000003
-0.640152157,-0.018893231000000003
-0.635041101,-0.017296031000000003
-0.630249486,-0.018573791000000003
-0.624818989,-0.017934911
-0.620027374,-0.018254351
-0.614916318,-0.018254351
-0.6094858209999999,-0.018254351
-0.605333088,-0.017615471
-0.599902591,-0.018254351
-0.5947915349999999,-0.017934911
-0.58999992,-0.017615471
-0.5845694229999999,-0.018573791000000003
-0.579458367,-0.017296031000000003
-0.5743473109999999,-0.018254351
-0.5698751369999999,-0.017934911
-0.5654029629999999,-0.018254351
-0.5609307889999999,-0.017934911
-0.555819733,-0.017296031000000003
-0.5507086769999999,-0.018254351
-0.545917062,-0.017934911
-0.541444888,-0.018893231000000003
-0.537611596,-0.017296031000000003
-0.533139422,-0.017296031000000003
-0.5280283659999999,-0.018254351
-0.523236751,-0.018254351
-0.5190840179999999,-0.017615471
-0.514931285,-0.017296031000000003
-0.509820229,-0.018893231000000003
-0.505667496,-0.016976591000000003
-0.5008758809999999,-0.017296031000000003
-0.495764825,-0.017934911
-0.490014887,-0.017615471
-0.48458439,-0.017615471
-0.479153893,-0.017934911
-0.474042837,-0.016976591000000003
-0.467973458,-0.016976591000000003
-0.463181843,-0.018254351
-0.458070787,-0.018254351
-0.454237495,-0.017615471
-0.448487557,-0.016657151000000002
-0.443376501,-0.017934911
-0.438265445,-0.018573791000000003
-0.435071035,-0.016976591000000003
-0.429640538,-0.017296031000000003
-0.424210041,-0.017296031000000003
-0.419098985,-0.017296031000000003
-0.41430737,-0.017615471
-0.409835196,-0.017934911
-0.405363022,-0.017934911
-0.400571407,-0.017615471
-0.396418674,-0.018254351
-0.391627059,-0.017296031000000003
-0.387474326,-0.017296031000000003
-0.38236327,-0.017934911
-0.377571655,-0.017934911
-0.373099481,-0.017615471
-0.368307866,-0.018254351
-0.363835692,-0.018254351
-0.359044077,-0.017615471
-0.353933021,-0.017615471
-0.349460847,-0.017296031000000003
-0.343710909,-0.017296031000000003
-0.338599853,-0.017296031000000003
-0.33444712,-0.018573791000000003
-0.329974946,-0.017615471
-0.324544449,-0.017934911
-0.320072275,-0.017615471
-0.315919542,-0.018254351
-0.311127927,-0.017934911
-0.30665575300000003,-0.016976591000000003
-0.30218357900000004,-0.018254351
-0.297711405,-0.018254351
-0.293239231,-0.017615471
-0.289405939,-0.018254351
-0.283656001,-0.017934911
-0.28014215000000003,-0.018254351
-0.275989417,-0.018254351
-0.272475566,-0.018254351
-0.26768395100000003,-0.017934911
-0.26257289500000003,-0.018254351
-0.258420162,-0.017615471
-0.25362854700000004,-0.017296031000000003
-0.249156373,-0.017296031000000003
-0.244045317,-0.017934911
-0.239573143,-0.017615471
-0.234462087,-0.017615471
-0.229670472,-0.017296031000000003
-0.225198298,-0.017615471
-0.220406683,-0.017615471
-0.215295627,-0.017934911
-0.20986513,-0.017615471
-0.205073515,-0.017296031000000003
-0.200601341,-0.018254351
-0.195490285,-0.016976591000000003
-0.191018111,-0.017296031000000003
-0.185587614,-0.017615471
-0.180795999,-0.017615471
-0.175046061,-0.017296031000000003
-0.170893328,-0.017615471
-0.166101713,-0.016976591000000003
-0.160990657,-0.018254351
-0.156199042,-0.017615471
-0.151407427,-0.017296031000000003
-0.146615812,-0.017615471
-0.141504756,-0.017615471
-0.136713141,-0.018254351
-0.13256040800000002,-0.017934911
-0.12744935200000002,-0.017296031000000003
-0.12297717800000002,-0.018254351
-0.117866122,-0.016976591000000003
-0.113074507,-0.017934911
-0.108602333,-0.017615471
-0.103810718,-0.017615471
-0.098380221,-0.017296031000000003
-0.093588606,-0.017934911
-0.08847755,-0.017296031000000003
-0.08432481700000001,-0.017296031000000003
-0.07889432,-0.017296031000000003
-0.074422146,-0.017934911
-0.068991649,-0.016976591000000003
-0.06356115200000001,-0.016976591000000003
-0.058769537,-0.017296031000000003
-0.05333904,-0.017296031000000003
-0.047589102,-0.017296031000000003
-0.042797487,-0.017934911
-0.037686431,-0.016976591000000003
-0.032255934,-0.017615471
-0.026825437,-0.017296031000000003
-0.021714381,-0.017615471
-0.016283884,-0.017296031000000003
-0.011172828,-0.017615471
-0.005742331000000001,-0.017615471
-0.0006312749999999997,-0.016657151000000002
0.005118663000000001,-0.016976591000000003
0.009910278,-0.017296031000000003
0.015021334,-0.017296031000000003
0.020451831,-0.017934911
0.024924005000000003,-0.016976591000000003
0.030035061,-0.017934911
0.035465558,-0.017296031000000003
0.040257173,-0.017296031000000003
0.04568767,-0.017296031000000003
0.050159844,-0.017615471
0.056868105,-0.016976591000000003
0.061979161000000005,-0.016976591000000003
0.067090217,-0.016976591000000003
0.07220127299999998,-0.016976591000000003
0.07699288799999998,-0.017296031000000003
0.08274282599999998,-0.016657151000000002
0.08753444099999999,-0.016976591000000003
0.093284379,-0.017296031000000003
0.098395435,-0.017296031000000003
0.10318705,-0.017934911
0.108298106,-0.017615471
0.113409162,-0.017615471
0.118839659,-0.017296031000000003
0.123311833,-0.017934911
0.128103448,-0.017296031000000003
0.13321450399999998,-0.017615471
0.13832556,-0.017615471
0.143436616,-0.017296031000000003
0.147589349,-0.017615471
0.152061523,-0.017615471
0.157172579,-0.017615471
0.161005871,-0.017615471
0.165478045,-0.017615471
0.170589101,-0.017615471
0.17474183399999998,-0.018254351
0.179533449,-0.017934911
0.183686182,-0.017296031000000003
0.187838915,-0.017934911
0.193269412,-0.017934911
0.197422145,-0.018254351
0.202852642,-0.017615471
0.207644257,-0.017615471
0.21179699,-0.017615471
0.216908046,-0.017615471
0.222338543,-0.017615471
0.227449599,-0.017296031000000003
0.232560655,-0.017296031000000003
0.23735227,-0.017615471
0.241505003,-0.017296031000000003
0.246296618,-0.017934911
0.251407674,-0.017615471
0.255879848,-0.017934911
0.260352022,-0.017615471
0.265143637,-0.018254351
0.269615811,-0.017934911
0.274087985,-0.017934911
0.279199041,-0.017934911
0.283032333,-0.017615471
0.288143389,-0.017615471
0.293254445,-0.018254351
0.297726619,-0.017615471
0.302198793,-0.017615471
0.306670967,-0.017934911
0.311143141,-0.018254351
0.315615315,-0.017615471
0.32040693,-0.018254351
0.325198545,-0.017615471
0.329670719,-0.017934911
0.334781775,-0.017615471
0.339892831,-0.017615471
0.344045564,-0.017934911
0.348517738,-0.018573791000000003
0.353309353,-0.017934911
0.358100968,-0.017296031000000003
0.362892583,-0.017615471
0.367364757,-0.017934911
0.37151749,-0.017296031000000003
0.376947987,-0.017615471
0.382059043,-0.017296031000000003
0.386211776,-0.018254351
0.39068395,-0.017934911
0.395156124,-0.017934911
0.399308857,-0.018254351
0.40346159,-0.017934911
0.407294882,-0.018573791000000003
0.410808733,-0.018254351
0.414961466,-0.017934911
0.419114199,-0.017934911
0.423266932,-0.017296031000000003
0.427739106,-0.018254351
0.43221128,-0.017615471
0.436683454,-0.017615471
0.441475069,-0.017615471
0.445947243,-0.017934911
0.450419417,-0.017934911
0.45457215,-0.016976591000000003
0.459683206,-0.017934911
0.464474821,-0.017934911
0.469266436,-0.017296031000000003
0.474377492,-0.017934911
0.478210784,-0.017615471
0.48332184,-0.017934911
0.486835691,-0.018254351
0.491946747,-0.017296031000000003
0.495780039,-0.018573791000000003
0.499932772,-0.018254351
0.504085505,-0.017934911
0.5088771200000001,-0.017615471
0.5136687350000001,-0.017615471
0.5178214680000001,-0.017934911
0.521974201,-0.018254351
0.526765816,-0.017615471
0.53123799,-0.017934911
0.5363490460000001,-0.017615471
0.541460102,-0.017296031000000003
0.5465711580000001,-0.016976591000000003
0.5516822140000001,-0.017296031000000003
0.557112711,-0.017296031000000003
0.5631820900000001,-0.016976591000000003
0.5676542640000001,-0.016018271
0.5724458790000001,-0.014421071
0.5769180530000001,-0.011546111
0.582029109,-0.008671151000000004
0.586181842,-0.0073933910000000035
0.590973457,-0.005476751000000001
0.5960845130000001,-0.0016434710000000003
0.601195569,-0.0010045910000000004
0.606626066,-0.0010045910000000004
0.611417681,0.001870369
0.6149315320000001,0.002509249
0.620362029,0.008578609000000001
0.624834203,0.011453569
0.6296258180000001,0.011134129000000005
0.6347368740000001,0.015286849000000002
0.638570166,0.017203489000000002
0.6443201040000001,0.018800689
0.648472837,0.023272849000000005
0.653264452,0.023272849000000005
0.658694949,0.027745009000000005
0.6628476820000001,0.029342209000000005
0.6682781790000001,0.030300529000000007
0.672430912,0.036050449000000005
0.677861409,0.03413380900000001
0.6829724650000001,0.040203169
0.6877640800000001,0.04148092900000001
0.6931945770000001,0.041800369
0.69734731,0.050425249000000005
0.7030972480000001,0.04755028900000001
0.7078888630000001,0.05138356900000001
0.711722155,0.05553628900000001
0.717472093,0.05170300900000001
0.7216248260000001,0.061605649000000005
0.725458118,0.06032788900000001
0.732166379,0.05905012900000001
0.7350413480000002,0.06927220900000002
0.740471845,0.063841729
0.745902342,0.06831388900000002
0.7487773110000001,0.075022129
0.755166131,0.06767500900000001
0.7589994230000001,0.077258209
0.762513274,0.080452609
0.7689020940000002,0.07310548900000001
0.772735386,0.08620252900000001
0.777527001,0.08428588900000002
0.783276939,0.07789708900000002
0.7861519080000001,0.093869089
0.7906240820000001,0.090035809
0.797651784,0.08396644900000001
0.800207312,0.095466289
0.806596132,0.08300812900000001
0.811387747,0.083647009
0.81554048,0.08332756900000003
0.822887623,0.07214716900000001
0.8254431510000002,0.08173036900000001
0.830873648,0.072786049
0.8343874990000002,0.078216529
0.838540232,0.080452609
0.846206816,0.07629988900000001
0.847804021,0.08492476900000001
0.8538734000000001,0.07693876900000003
0.858026133,0.08173036900000001
0.861859425,0.074063809
0.8663315990000001,0.075022129
0.870164891,0.069591649
0.874956506,0.07150828900000002
0.877831475,0.06895276900000001
0.8829425310000002,0.070549969
0.886136941,0.07086940900000001
0.890289674,0.07118884900000001
0.891886879,0.072786049
0.896359053,0.069591649
0.898275699,0.07150828900000002
0.902747873,0.067355569
0.905303401,0.06927220900000002
0.9100950160000002,0.065438929
0.912969985,0.068633329
0.916483836,0.06511948900000002
0.919678246,0.06927220900000002
0.923511538,0.06671668900000001
0.926386507,0.068633329
0.929900358,0.06767500900000001
0.933414209,0.06767500900000001
0.938205824,0.06767500900000001
0.941400234,0.065438929
0.945872408,0.06799444900000001
0.949386259,0.06480004900000001
0.953538992,0.067355569
0.958330607,0.064161169
0.96248334,0.06799444900000001
0.969511042,0.06607780900000002
0.973663775,0.06767500900000001
0.97845539,0.06575836900000001
0.981330359,0.063841729
0.985163651,0.06352228900000001
0.988677502,0.05936956900000001
0.993149676,0.06064732900000001
0.9982607320000002,0.05873068900000001
1.002094024,0.05936956900000001
1.005927316,0.06128620900000001
1.007843962,0.05873068900000001
1.01039949,0.06128620900000001
1.0135939,0.05905012900000001
1.016149428,0.05809180900000001
1.019663279,0.05809180900000001
1.022218807,0.05553628900000001
1.025732658,0.05745292900000001
1.028288186,0.05649460900000001
1.030843714,0.05553628900000001
1.034038124,0.058411249000000005
1.036593652,0.055216849000000005
1.038510298,0.05713348900000001
1.042024149,0.05713348900000001
1.044579677,0.055216849000000005
1.047774087,0.05777236900000001
1.050649056,0.05617516900000001
1.053843466,0.055216849000000005
1.057037876,0.05777236900000001
1.060232286,0.05489740900000001
1.063426696,0.05553628900000001
1.066621106,0.05713348900000001
1.069496075,0.05393908900000001
1.072690485,0.055216849000000005
1.075884895,0.05553628900000001
1.078759864,0.05330020900000001
1.081954274,0.055216849000000005
1.084829243,0.05489740900000001
1.088343094,0.05234188900000001
1.090579181,0.053619649000000005
1.094093032,0.05393908900000001
1.097287442,0.05106412900000001
1.09984297,0.05330020900000001
1.103356821,0.05266132900000001
1.105592908,0.05106412900000001
1.107828995,0.052022449000000005
1.110703964,0.05234188900000001
1.113259492,0.04978636900000001
1.115495579,0.05234188900000001
1.118689989,0.052022449000000005
1.121564958,0.05106412900000001
1.124120486,0.050425249000000005
1.126356573,0.05234188900000001
1.129231542,0.04946692900000001
1.131148188,0.05010580900000001
1.134662039,0.05074468900000001
1.137217567,0.05010580900000001
1.140411977,0.048828049000000005
1.142648064,0.05074468900000001
1.145842474,0.05010580900000001
1.148398002,0.04978636900000001
1.151592412,0.05010580900000001
1.153828499,0.050425249000000005
1.156703468,0.048828049000000005
1.159258996,0.04786972900000001
1.162133965,0.050425249000000005
1.165008934,0.048189169
1.167564462,0.04786972900000001
1.17011999,0.050425249000000005
1.171717195,0.053619649000000005
1.174592164,0.05393908900000001
1.176828251,0.05585572900000001
1.178744897,0.05968900900000001
1.180661543,0.064161169
1.183217071,0.067355569
1.184814276,0.07118884900000001
1.187369804,0.07534156900000001
1.188647568,0.080452609
1.191203096,0.08428588900000002
1.192800301,0.087799729
1.194397506,0.091313569
1.196314152,0.095466289
1.197272475,0.103132849
1.19886968,0.11079940900000002
1.199508562,0.12102148900000002
1.200786326,0.131882449
1.201744649,0.141785089
1.203341854,0.15584044900000002
1.204300177,0.166062529
1.205897382,0.178840129
1.207175146,0.189381649
1.208772351,0.201520369
1.209730674,0.21174244900000003
1.211008438,0.219728449
1.212925084,0.229950529
1.214202848,0.23985316900000003
1.216119494,0.251353009
1.218355581,0.259977889
1.219313904,0.27019996900000004
1.222188873,0.281060929
1.223466637,0.289366369
1.225383283,0.29575516900000004
1.227299929,0.30533836900000005
1.228897134,0.31683820900000004
1.231133221,0.324185329
1.233369308,0.33089356900000005
1.235285954,0.336643489
1.2372026,0.34335172900000005
1.238480364,0.348782209
1.240716451,0.35229604900000006
1.243271979,0.35453212900000003
1.244869184,0.358045969
1.247105271,0.36124036900000006
1.248702476,0.361879249
1.250619122,0.3647542090000001
1.252216327,0.366670849
1.254132973,0.368268049
1.255410737,0.36922636900000005
1.257007942,0.366990289
1.258605147,0.36539308900000006
1.259882911,0.363476449
1.260202352,0.36124036900000006
1.262118998,0.357407089
1.263396762,0.35485156900000003
1.264355085,0.35293492900000006
1.26595229,0.348782209
1.266271731,0.344629489
1.267549495,0.33792124900000003
1.268188377,0.33440740900000004
1.268827259,0.32961580900000004
1.270105023,0.323546449
1.270743905,0.319393729
1.271702228,0.314602129
1.27234111,0.31651876900000003
1.273299433,0.31300492900000004
1.274577197,0.310129969
1.27553552,0.305977249
1.276174402,0.302782849
1.277132725,0.30374116900000003
1.277771607,0.29958844900000003
1.27872993,0.29990788900000004
1.279368812,0.29575516900000004
1.280007694,0.294157969
1.281285458,0.293838529
1.281604899,0.28840804900000006
1.282563222,0.28840804900000006
1.283202104,0.28265812900000004
1.283521545,0.28393588900000005
1.284799309,0.27978316900000005
1.28511875,0.276908209
1.286077073,0.27531100900000005
1.287035396,0.268283329
1.287035396,0.267644449
1.287674278,0.26125564900000003
1.287993719,0.26157508900000004
1.289271483,0.25742236900000004
1.289271483,0.255505729
1.289910365,0.255186289
1.29150757,0.25007524900000005
1.29150757,0.251353009
1.292146452,0.244964209
1.292785334,0.244325329
1.293424216,0.243367009
1.293743657,0.24145036900000005
1.294382539,0.242728129
1.295340862,0.237936529
1.295979744,0.23953372900000003
1.296299185,0.236019889
1.296618626,0.236339329
1.297257508,0.234422689
1.29789639,0.229950529
1.298535272,0.23122828900000003
1.298854713,0.22675612900000003
1.299174154,0.22867276900000005
1.299813036,0.22483948900000003
1.300132477,0.222922849
1.3010908,0.224200609
1.301729682,0.221325649
1.301410241,0.221006209
1.302368564,0.22036732900000003
1.303326887,0.22260340900000003
1.30428521,0.221645089
1.304924092,0.22036732900000003
1.305243533,0.221325649
1.305562974,0.219409009
1.305882415,0.21845068900000003
1.306840738,0.219409009
1.30747962,0.216853489
1.307799061,0.219089569
1.308757384,0.21621460900000003
1.308757384,0.21397852900000003
1.309715707,0.211423009
1.309715707,0.208548049
1.31067403,0.208867489
1.31067403,0.204395329
1.311312912,0.204714769
1.311312912,0.199923169
1.311632353,0.200242609
1.312271235,0.19896484900000003
1.312590676,0.195451009
1.313548999,0.19672876900000005
1.313229558,0.192256609
1.313229558,0.194173249
1.314187881,0.191298289
1.314826763,0.188423329
1.315146204,0.187465009
1.314826763,0.186187249
1.315785086,0.188103889
1.315785086,0.184590049
1.316743409,0.185867809
1.31706285,0.182992849
1.317382291,0.181395649
1.317382291,0.181715089
1.317701732,0.178520689
1.318021173,0.179798449
1.318660055,0.175965169
1.318979496,0.176284609
1.319618378,0.174367969
1.319618378,0.17277076900000002
1.319937819,0.173409649
1.319618378,0.16893748900000002
1.320576701,0.169576369
1.320896142,0.16670140900000002
1.320576701,0.166062529
1.320896142,0.16638196900000002
1.321854465,0.163507009
1.321854465,0.164784769
1.322173906,0.160632049
1.322493347,0.15999316900000002
1.322173906,0.15807652900000002
1.322812788,0.15584044900000002
1.323132229,0.15584044900000002
1.323132229,0.151048849
1.323132229,0.15168772900000002
1.323771111,0.147854449
1.324090552,0.14913220900000002
1.32345167,0.146576689
1.324409993,0.144660049
1.324729434,0.144660049
1.324090552,0.139868449
1.325048875,0.142423969
1.325048875,0.137632369
1.324729434,0.138271249
1.325368316,0.13635460900000002
1.324729434,0.131563009
1.325368316,0.13220188900000002
1.325048875,0.125174209
1.325368316,0.12613252900000002
1.325368316,0.12102148900000002
1.325368316,0.119104849
1.325368316,0.11431324900000002
1.325368316,0.111438289
1.325048875,0.11016052900000002
1.325368316,0.10377172900000002
1.324729434,0.104091169
1.324729434,0.096424609
1.324729434,0.09834124900000002
1.324729434,0.092591329
1.324409993,0.090355249
1.324729434,0.087799729
1.324090552,0.080452609
1.324090552,0.08173036900000001
1.32345167,0.07374436900000003
1.323132229,0.07310548900000001
1.322812788,0.066397249
1.322173906,0.065438929
1.321854465,0.06128620900000001
1.321854465,0.05585572900000001
1.321215583,0.053619649000000005
1.320896142,0.047230849000000005
1.319618378,0.047230849000000005
1.318979496,0.042439249000000005
1.317701732,0.04052260900000001
1.31706285,0.03892540900000001
1.315146204,0.038605969
1.313548999,0.034453249000000005
1.312271235,0.032856049000000005
1.31067403,0.032536609
1.308437943,0.033175489
1.306521297,0.03349492900000001
1.30428521,0.033814369000000004
1.302368564,0.032536609
1.299813036,0.031578289
1.297576949,0.032856049000000005
1.295979744,0.033175489
1.293424216,0.03413380900000001
1.291827011,0.03349492900000001
1.289590924,0.03349492900000001
1.28831316,0.03413380900000001
1.286396514,0.03509212900000001
1.284160427,0.035411569000000004
1.282563222,0.034453249000000005
1.280646576,0.03349492900000001
1.279049371,0.03413380900000001
1.277452166,0.034772689
1.275216079,0.03509212900000001
1.273618874,0.034772689
1.271702228,0.03349492900000001
1.269785582,0.034772689
1.268188377,0.035411569000000004
1.265632849,0.03573100900000001
1.264035644,0.03413380900000001
1.262438439,0.034772689
1.260521793,0.034772689
1.258605147,0.036050449000000005
1.25636906,0.034772689
1.254132973,0.03413380900000001
1.252855209,0.03413380900000001
1.251258004,0.036050449000000005
1.249021917,0.036050449000000005
1.247105271,0.036050449000000005
1.244869184,0.034772689
1.243271979,0.036050449000000005
1.240716451,0.036369889
1.238799805,0.036369889
1.237522041,0.03509212900000001
1.235605395,0.035411569000000004
1.233369308,0.036369889
1.231452662,0.037008769
1.229216575,0.035411569000000004
1.227299929,0.03509212900000001
1.225383283,0.036050449000000005
1.223786078,0.03732820900000001
1.22123055,0.036369889
1.218675022,0.036369889
1.216758376,0.035411569000000004
1.21484173,0.037647649000000005
1.212925084,0.036369889
1.210050115,0.03573100900000001
1.207494587,0.03573100900000001
1.204619618,0.037008769
1.202383531,0.036369889
1.199828003,0.036050449000000005
1.197591916,0.036050449000000005
1.193758624,0.037008769
1.192161419,0.03668932900000001
1.18928645,0.036369889
1.186730922,0.036369889
1.184175394,0.03828652900000001
1.181300425,0.03732820900000001
1.178425456,0.036369889
1.175869928,0.03732820900000001
1.1733144,0.03892540900000001
1.171078313,0.03732820900000001
1.168203344,0.037647649000000005
1.165647816,0.038605969
1.163092288,0.03892540900000001
1.160217319,0.037647649000000005
1.15734235,0.03796708900000001
1.154786822,0.039244849000000005
1.152231294,0.03828652900000001
1.149036884,0.037008769
1.145842474,0.03892540900000001
1.143606387,0.03956428900000001
1.140411977,0.037647649000000005
1.136898126,0.037647649000000005
1.134342598,0.04052260900000001
1.131467629,0.039244849000000005
1.128912101,0.039244849000000005
1.125717691,0.040842049000000005
1.122842722,0.04052260900000001
1.119648312,0.039244849000000005
1.116134461,0.04052260900000001
1.113259492,0.04116148900000001
1.110065082,0.039244849000000005
1.106870672,0.040842049000000005
1.104315144,0.041800369
1.101440175,0.040203169
1.097606883,0.041800369
1.095051355,0.04307812900000001
1.091856945,0.04148092900000001
1.088981976,0.041800369
1.085787566,0.04307812900000001
1.082912597,0.04148092900000001
1.079718187,0.041800369
1.0774821,0.044036449000000005
1.074607131,0.04211980900000001
1.07109328,0.04371700900000001
1.068537752,0.04435588900000001
1.065982224,0.04275868900000001
1.062468373,0.044994769
1.060232286,0.044994769
1.057676758,0.04371700900000001
1.054482348,0.04627252900000001
1.052885143,0.04531420900000001
1.049690733,0.04435588900000001
1.047135205,0.047230849000000005
1.044899118,0.044994769
1.042024149,0.04595308900000001
1.039468621,0.048189169
1.037232534,0.04467532900000001
1.033718683,0.047230849000000005
1.031802037,0.047230849000000005
1.028607627,0.04595308900000001
1.02637154,0.048828049000000005
1.023496571,0.04627252900000001
1.020941043,0.04786972900000001
1.018385515,0.04755028900000001
1.014552223,0.046591969
1.012635577,0.04850860900000001
1.009121726,0.04627252900000001
1.005927316,0.048189169
1.003371788,0.04786972900000001
0.999219055,0.04755028900000001
0.996982968,0.04978636900000001
0.994107999,0.047230849000000005
0.990594148,0.05074468900000001
0.987719179,0.04850860900000001
0.984205328,0.050425249000000005
0.981010918,0.05010580900000001
0.977497067,0.04978636900000001
0.974622098,0.05138356900000001
0.9711082470000002,0.04914748900000001
0.967594396,0.05234188900000001
0.964399986,0.04850860900000001
0.960566694,0.05330020900000001
0.957691725,0.04914748900000001
0.953538992,0.053619649000000005
0.950664023,0.05010580900000001
0.945552967,0.05298076900000001
0.942677998,0.04946692900000001
0.936608619,0.05138356900000001
0.932455886,0.04914748900000001
0.926386507,0.05074468900000001
0.922233774,0.04946692900000001
0.916483836,0.052022449000000005
0.9123311030000002,0.05074468900000001
0.907539488,0.05713348900000001
0.903706196,0.05298076900000001
0.8976368170000002,0.061605649000000005
0.893803525,0.053619649000000005
0.88901191,0.063202849
0.8854980590000001,0.05457796900000001
0.881345326,0.061605649000000005
0.877831475,0.05777236900000001
0.8752759470000001,0.058411249000000005
0.870484332,0.06352228900000001
0.867609363,0.056814049000000005
0.863137189,0.06703612900000001
0.859623338,0.06128620900000001
0.8561094870000001,0.06256396900000001
0.851956754,0.06703612900000001
0.8490817850000002,0.058411249000000005
0.8446096110000002,0.06831388900000002
0.840456878,0.062883409
0.837581909,0.06032788900000001
0.831831971,0.07086940900000001
0.827998679,0.06352228900000001
0.824165387,0.062883409
0.8174571260000002,0.07374436900000003
0.8129849520000002,0.06448060900000001
0.810109983,0.06256396900000001
0.8049989270000002,0.062883409
0.801485076,0.05106412900000001
0.7982906660000002,0.05585572900000001
0.7915824050000002,0.05713348900000001
0.7883879950000001,0.048828049000000005
0.784554703,0.05330020900000001
0.779443647,0.04691140900000001
0.7759297960000001,0.042439249000000005
0.7711381810000002,0.04755028900000001
0.766985448,0.04116148900000001
0.7634715970000001,0.03988372900000001
0.7589994230000001,0.040203169
0.755166131,0.032536609
0.751332839,0.036050449000000005
0.7465412240000001,0.032856049000000005
0.7430273730000002,0.028064449000000005
0.737916317,0.030300529000000007
0.7340830250000001,0.023272849000000005
0.729930292,0.022953409000000004
0.725458118,0.023592289
0.721305385,0.017842369000000004
0.7171526520000001,0.019439569000000004
0.712999919,0.015286849000000002
0.7091666270000001,0.012411889000000002
0.7043750120000001,0.011773009
0.70054172,0.007300849
0.696069546,0.007300849
0.6906390490000001,0.005064769
0.686805757,0.002189809
0.6820141420000001,0.0009120489999999998
0.677861409,-0.0006851510000000002
0.673389235,-0.0006851510000000002
0.668917061,-0.006115631000000001
0.6647643280000001,-0.008671151000000004
0.659972713,-0.008671151000000004
0.6561394210000001,-0.014101631
0.651028365,-0.014421071
0.6465561910000001,-0.016337711
0.64304234,-0.020809871
0.6388896070000001,-0.020490431000000003
0.6334591100000001,-0.021129311
0.6289869360000001,-0.023365391000000003
0.6245147620000001,-0.024004271000000004
0.619403706,-0.023684831000000003
0.6142926500000001,-0.022407071000000004
0.6095010350000001,-0.024004271000000004
0.60470942,-0.023365391000000003
0.5995983640000001,-0.024004271000000004
0.594487308,-0.023365391000000003
0.5893762520000001,-0.024004271000000004
0.584265196,-0.023365391000000003
0.5791541400000001,-0.024004271000000004
0.5743625250000001,-0.023684831000000003
0.56957091,-0.023365391000000003
0.5644598540000001,-0.023684831000000003
0.5596682390000001,-0.022726511
0.5555155060000001,-0.024643151
0.55040445,-0.023365391000000003
0.5452933940000001,-0.023045951
0.541140661,-0.024643151
0.5363490460000001,-0.023365391000000003
0.5315574310000001,-0.024004271000000004
0.526765816,-0.023045951
0.5226130830000001,-0.023684831000000003
0.517502027,-0.023365391000000003
0.5136687350000001,-0.023365391000000003
0.508557679,-0.024004271000000004
0.503766064,-0.024004271000000004
0.498655008,-0.024004271000000004
0.493863393,-0.022726511
0.489071778,-0.024004271000000004
0.484280163,-0.023684831000000003
0.478530225,-0.024323711
0.473099728,-0.024962591000000003
0.467030349,-0.024004271000000004
0.461599852,-0.024643151
0.455849914,-0.024004271000000004
0.451058299,-0.024643151
0.445308361,-0.023684831000000003
0.440516746,-0.024323711
0.43540569,-0.023365391000000003
0.430614075,-0.023684831000000003
0.424544696,-0.024323711
0.420391963,-0.023684831000000003
0.414642025,-0.024004271000000004
0.40985041,-0.023684831000000003
0.405697677,-0.023684831000000003
0.400906062,-0.023684831000000003
0.396114447,-0.023365391000000003
0.391322832,-0.024004271000000004
0.387170099,-0.023684831000000003
0.382378484,-0.024323711
0.37790631,-0.023045951
0.374073018,-0.023684831000000003
0.369600844,-0.024004271000000004
0.36512867,-0.023684831000000003
0.360656496,-0.023684831000000003
0.355864881,-0.023684831000000003
0.350753825,-0.023684831000000003
0.346281651,-0.023684831000000003
0.341490036,-0.024004271000000004
0.337017862,-0.023045951
0.332226247,-0.023365391000000003
0.327754073,-0.024004271000000004
0.322643017,-0.024004271000000004
0.318490284,-0.024004271000000004
0.313059787,-0.023684831000000003
0.308587613,-0.023684831000000003
0.303157116,-0.023684831000000003
0.298684942,-0.024004271000000004
0.294212768,-0.023365391000000003
0.289740594,-0.023684831000000003
0.284948979,-0.023684831000000003
0.280476805,-0.023045951
0.276324072,-0.023684831000000003
0.272171339,-0.023365391000000003
0.267379724,-0.023684831000000003
0.262268668,-0.023684831000000003
0.257796494,-0.023365391000000003
0.254602084,-0.023365391000000003
0.249810469,-0.024643151
0.244699413,-0.023684831000000003
0.24054668,-0.023684831000000003
0.235755065,-0.023684831000000003
0.231921773,-0.023684831000000003
0.227130158,-0.023045951
0.222657984,-0.024004271000000004
0.21818581,-0.023684831000000003
0.213394195,-0.023684831000000003
0.208922021,-0.023684831000000003
0.204449847,-0.023684831000000003
0.199658232,-0.023365391000000003
0.194866617,-0.023684831000000003
0.190394443,-0.024004271000000004
0.185922269,-0.023684831000000003
0.181130654,-0.023684831000000003
0.176019598,-0.024004271000000004
0.170908542,-0.024004271000000004
0.166116927,-0.024323711
0.16068643,-0.024004271000000004
0.155575374,-0.024323711
0.150144877,-0.024323711
0.145033821,-0.023684831000000003
0.139283883,-0.024004271000000004
0.134492268,-0.024004271000000004
0.129700653,-0.024004271000000004
0.124589597,-0.024004271000000004
0.1191591,-0.024004271000000004
0.114367485,-0.023045951
0.109895311,-0.023684831000000003
0.105103696,-0.024004271000000004
0.099673199,-0.024004271000000004
0.094881584,-0.023365391000000003
0.09072885100000001,-0.023365391000000003
0.08657611799999998,-0.024323711
0.08146506199999999,-0.024323711
0.07699288799999998,-0.024004271000000004
0.07220127299999998,-0.024004271000000004
0.067090217,-0.023684831000000003
0.062298602,-0.024643151
0.057187546,-0.024004271000000004
0.05207649,-0.024004271000000004
0.047284875,-0.024004271000000004
0.041854378000000005,-0.024004271000000004
0.036743322,-0.024643151
0.031951707,-0.024323711
0.026201769000000003,-0.024004271000000004
0.021090713,-0.024643151
0.014701893,-0.024004271000000004
0.009590837,-0.024643151
0.004479781,-0.024323711
-0.0015895980000000002,-0.024643151
-0.006061771999999999,-0.024004271000000004
-0.01181171,-0.024004271000000004
-0.016922766,-0.024643151
-0.021714381,-0.024004271000000004
-0.027464319,-0.024004271000000004
-0.032255934,-0.024323711
-0.037047549,-0.024004271000000004
-0.042158605,-0.024004271000000004
-0.047908543,-0.024323711
-0.053019599,-0.024004271000000004
-0.057491773,-0.024643151
-0.06260282900000001,-0.023684831000000003
-0.06739444400000001,-0.024004271000000004
-0.07218605900000001,-0.024004271000000004
-0.07825543800000001,-0.024004271000000004
-0.082727612,-0.024004271000000004
-0.087519227,-0.024004271000000004
-0.092949724,-0.023684831000000003
-0.098380221,-0.024004271000000004
-0.102852395,-0.024004271000000004
-0.107963451,-0.024004271000000004
-0.112755066,-0.024004271000000004
-0.117866122,-0.024323711
-0.12265773700000002,-0.023365391000000003
-0.12776879300000002,-0.023684831000000003
-0.13256040800000002,-0.024004271000000004
-0.137032582,-0.024004271000000004
-0.141185315,-0.023684831000000003
-0.146615812,-0.023365391000000003
-0.151087986,-0.024004271000000004
-0.15556016,-0.023684831000000003
-0.160351775,-0.024323711
-0.165782272,-0.023684831000000003
-0.170573887,-0.024004271000000004
-0.175046061,-0.024643151
-0.180157117,-0.023684831000000003
-0.184948732,-0.023684831000000003
-0.190059788,-0.023365391000000003
-0.195170844,-0.024004271000000004
-0.199004136,-0.024004271000000004
-0.203795751,-0.023684831000000003
-0.208587366,-0.024004271000000004
-0.213378981,-0.024323711
-0.218809478,-0.023684831000000003
-0.222962211,-0.023684831000000003
-0.228392708,-0.024323711
-0.232864882,-0.024004271000000004
-0.237337056,-0.024004271000000004
-0.242448112,-0.023365391000000003
-0.247559168,-0.023684831000000003
-0.25139246,-0.024004271000000004
-0.255545193,-0.023684831000000003
-0.26033680800000003,-0.023365391000000003
-0.265767305,-0.023684831000000003
-0.26992003800000003,-0.023365391000000003
-0.274392212,-0.024004271000000004
-0.279503268,-0.023684831000000003
-0.283975442,-0.024004271000000004
-0.288447616,-0.023365391000000003
-0.293558672,-0.023684831000000003
-0.297711405,-0.024004271000000004
-0.30250302,-0.024004271000000004
-0.306975194,-0.023684831000000003
-0.31208625,-0.024004271000000004
-0.317197306,-0.024004271000000004
-0.32166948,-0.024004271000000004
-0.327419418,-0.024004271000000004
-0.332211033,-0.023684831000000003
-0.337002648,-0.023684831000000003
-0.341474822,-0.023684831000000003
-0.34626643700000004,-0.023365391000000003
-0.35041917,-0.023684831000000003
-0.354891344,-0.023684831000000003
-0.359682959,-0.023684831000000003
-0.364155133,-0.024004271000000004
-0.368307866,-0.023684831000000003
-0.372460599,-0.023365391000000003
-0.377252214,-0.024004271000000004
-0.382043829,-0.023365391000000003
-0.385877121,-0.023684831000000003
-0.389710413,-0.023684831000000003
-0.394502028,-0.024004271000000004
-0.398974202,-0.024004271000000004
-0.402807494,-0.023365391000000003
-0.406960227,-0.023684831000000003
-0.411432401,-0.023045951
-0.415585134,-0.023684831000000003
-0.419418426,-0.023684831000000003
-0.423251718,-0.022726511
-0.426765569,-0.023365391000000003
-0.430918302,-0.023365391000000003
-0.435709917,-0.024004271000000004
-0.440501532,-0.024643151
-0.444973706,-0.024004271000000004
-0.450084762,-0.023684831000000003
-0.454556936,-0.024004271000000004
-0.459667992,-0.023684831000000003
-0.464779048,-0.024004271000000004
-0.469570663,-0.024323711
-0.47500116,-0.023684831000000003
-0.479153893,-0.024323711
-0.48458439,-0.024323711
-0.489376005,-0.023684831000000003
-0.495125943,-0.024323711
-0.50055644,-0.024004271000000004
-0.504709173,-0.024004271000000004
-0.509500788,-0.024004271000000004
-0.514292403,-0.023684831000000003
-0.519403459,-0.024004271000000004
-0.523875633,-0.024004271000000004
-0.528347807,-0.024323711
-0.533458863,-0.023684831000000003
-0.5382504779999999,-0.024004271000000004
-0.543361534,-0.024323711
-0.547833708,-0.023365391000000003
-0.552625323,-0.024004271000000004
-0.55805582,-0.024004271000000004
-0.562208553,-0.023684831000000003
-0.5676390499999999,-0.024004271000000004
-0.572750106,-0.024323711
-0.576902839,-0.025601471000000004
-0.581375013,-0.027198671000000004
-0.585847187,-0.029434751
-0.58999992,-0.032309711000000005
-0.594472094,-0.033906911000000005
-0.5992637089999999,-0.035504111000000005
-0.603416442,-0.03837907100000001
-0.607888616,-0.03997627100000001
-0.613319113,-0.039656831
-0.617471846,-0.042851231
-0.6219440199999999,-0.04796227100000001
-0.6264161939999999,-0.04796227100000001
-0.6308883679999999,-0.052114991000000006
-0.635041101,-0.05179555100000001
-0.640471598,-0.05435107100000001
-0.64430489,-0.05754547100000001
-0.6490965049999999,-0.05722603100000001
-0.652929797,-0.06265651100000001
-0.6580408529999999,-0.06361483100000001
-0.662832468,-0.066170351
-0.667304642,-0.06872587100000001
-0.67305458,-0.06872587100000001
-0.676887872,-0.07543411100000001
-0.6816794869999999,-0.074795231
-0.6861516609999999,-0.078309071
-0.691262717,-0.081503471
-0.697012655,-0.07990627100000001
-0.7008459469999999,-0.08821171100000001
-0.705318121,-0.08853115100000002
-0.7110680589999999,-0.08917003100000001
-0.715220792,-0.095878271
-0.7212901709999998,-0.092044991
-0.726401227,-0.09939211100000002
-0.7305539599999998,-0.101947631
-0.7359844569999998,-0.098753231
-0.74013719,-0.10897531100000002
-0.7462065689999998,-0.106419791
-0.751637066,-0.106419791
-0.754831476,-0.11664187100000002
-0.7599425319999998,-0.109294751
-0.7656924699999998,-0.115683551
-0.7692063209999999,-0.12335011100000004
-0.7755951409999998,-0.115683551
-0.779747874,-0.12526675100000004
-0.784220048,-0.12814171100000002
-0.7906088679999999,-0.11983627100000002
-0.7957199239999998,-0.13357219100000003
-0.798914334,-0.13644715100000004
-0.8062614769999998,-0.12686395100000003
-0.8104142099999998,-0.13740547100000003
-0.8152058249999998,-0.12846115100000002
-0.822552968,-0.12366955100000004
-0.825747378,-0.12526675100000004
-0.8321361979999998,-0.11312803100000002
-0.836288931,-0.12047515100000002
-0.8401222229999998,-0.11344747100000002
-0.846191602,-0.11728075100000002
-0.84874713,-0.12079459100000002
-0.853219304,-0.116002991
-0.855455391,-0.12335011100000004
-0.8602470059999998,-0.116002991
-0.8647191799999998,-0.12175291100000002
-0.86791359,-0.11408635100000002
-0.872066323,-0.11632243100000002
-0.8752607329999998,-0.112808591
-0.8806912299999998,-0.11312803100000002
-0.8832467579999999,-0.11216971100000002
-0.886760609,-0.11025307100000002
-0.888996696,-0.11344747100000002
-0.8934688699999999,-0.11025307100000002
-0.8957049569999999,-0.11504467100000002
-0.9001771309999999,-0.11025307100000002
-0.9030521,-0.114725231
-0.906565951,-0.109614191
-0.910399243,-0.11344747100000002
-0.913913094,-0.107378111
-0.9174269450000001,-0.112489151
-0.921260237,-0.10673923100000002
-0.923815765,-0.111530831
-0.928287939,-0.106100351
-0.931482349,-0.11216971100000002
-0.935635082,-0.107378111
-0.938510051,-0.11089195100000002
-0.943301666,-0.108336431
-0.947454399,-0.111850271
-0.953204337,-0.11025307100000002
-0.957676511,-0.10993363100000002
-0.962468126,-0.11025307100000002
-0.965023654,-0.10673923100000002
-0.968537505,-0.107378111
-0.971731915,-0.101947631
-0.975884648,-0.10482259100000002
-0.980356822,-0.102267071
-0.984828996,-0.103864271
-0.988981729,-0.105142031
-0.991217816,-0.10450315100000002
-0.9953705490000002,-0.10673923100000002
-0.998564959,-0.103225391
-1.0017593690000002,-0.10450315100000002
-1.00527322,-0.102267071
-1.009425953,-0.10162819100000002
-1.0129398040000002,-0.102267071
-1.016773096,-0.09971155100000001
-1.019328624,-0.101947631
-1.023800798,-0.100989311
-1.0263563260000002,-0.100030991
-1.029870177,-0.10162819100000002
-1.033064587,-0.09939211100000002
-1.036578438,-0.100989311
-1.0400922890000002,-0.09971155100000001
-1.043286699,-0.099072671
-1.046481109,-0.09971155100000001
-1.049675519,-0.098114351
-1.052550488,-0.098433791
-1.0560643390000002,-0.09939211100000002
-1.059258749,-0.09651715100000001
-1.062133718,-0.098114351
-1.065328128,-0.097156031
-1.067883656,-0.09619771100000002
-1.071397507,-0.097794911
-1.074272476,-0.09651715100000001
-1.077147445,-0.095558831
-1.079702973,-0.097475471
-1.082577942,-0.095239391
-1.0851334700000002,-0.095239391
-1.088008439,-0.09619771100000002
-1.090563967,-0.094600511
-1.093438936,-0.094919951
-1.096952787,-0.09619771100000002
-1.099188874,-0.093961631
-1.101424961,-0.094600511
-1.104619371,-0.095239391
-1.106536017,-0.09300331100000002
-1.109730427,-0.094281071
-1.112924837,-0.095239391
-1.1148414830000002,-0.092364431
-1.117716452,-0.093642191
-1.120910862,-0.094919951
-1.122827508,-0.092364431
-1.125702477,-0.09300331100000002
-1.128577446,-0.093961631
-1.131452415,-0.092683871
-1.134646825,-0.092044991
-1.1372023530000002,-0.094919951
-1.1397578810000002,-0.091725551
-1.143271732,-0.091725551
-1.145188378,-0.092683871
-1.147743906,-0.092683871
-1.1509383160000002,-0.09012835100000001
-1.1531744030000002,-0.091406111
-1.156368813,-0.091725551
-1.158924341,-0.091086671
-1.161479869,-0.09012835100000001
-1.1643548380000002,-0.09332275100000001
-1.166910366,-0.092364431
-1.170424217,-0.091725551
-1.172021422,-0.094600511
-1.175215832,-0.095878271
-1.177132478,-0.098433791
-1.179368565,-0.101947631
-1.180646329,-0.108655871
-1.183521298,-0.10993363100000002
-1.185757385,-0.11312803100000002
-1.188632354,-0.11983627100000002
-1.189590677,-0.12654451100000003
-1.192146205,-0.12846115100000002
-1.194701733,-0.13229443100000005
-1.196618379,-0.13932211100000003
-1.199173907,-0.14411371100000003
-1.2007711120000002,-0.15114139100000004
-1.2030071990000002,-0.15880795100000003
-1.20332664,-0.17286331100000005
-1.204604404,-0.18659923100000003
-1.205882168,-0.19905739100000003
-1.207798814,-0.21343219100000005
-1.209076578,-0.22301539100000004
-1.210673783,-0.2377096310000001
-1.2119515470000002,-0.2463345110000001
-1.213229311,-0.25911211100000003
-1.214826516,-0.267098111
-1.215465398,-0.27859795100000007
-1.217062603,-0.2878617110000001
-1.21929869,-0.2964865910000001
-1.2208958950000002,-0.30638923100000004
-1.2224931,-0.31309747100000007
-1.223770864,-0.3223612310000001
-1.226326392,-0.32779171100000004
-1.226965274,-0.3354582710000001
-1.2298402430000002,-0.34216651100000006
-1.230798566,-0.35015251100000006
-1.233034653,-0.35845795100000005
-1.23527074,-0.3648467510000001
-1.2365485040000002,-0.370277231
-1.23846515,-0.3750688310000001
-1.2410206780000002,-0.3814576310000001
-1.242298442,-0.3862492310000001
-1.244534529,-0.38976307100000007
-1.246131734,-0.39359635100000007
-1.248687262,-0.3990268310000001
-1.249965026,-0.40222123100000007
-1.251881672,-0.4047767510000001
-1.254117759,-0.4047767510000001
-1.255395523,-0.40637395100000007
-1.25763161,-0.408929471
-1.259548256,-0.41052667100000007
-1.261145461,-0.4114849910000001
-1.262423225,-0.4121238710000001
-1.264339871,-0.4137210710000001
-1.265298194,-0.40956835100000005
-1.2662565170000002,-0.40541563100000005
-1.2681731630000002,-0.40222123100000007
-1.2684926040000002,-0.3987073910000001
-1.2704092500000002,-0.39711019100000006
-1.271367573,-0.3919991510000001
-1.2726453370000002,-0.3919991510000001
-1.273923101,-0.3878464310000001
-1.2748814240000002,-0.3872075510000001
-1.275520306,-0.38113819100000007
-1.275839747,-0.3741105110000001
-1.2774369520000002,-0.37251331100000007
-1.278395275,-0.3667633910000001
-1.279034157,-0.37219387100000006
-1.280311921,-0.370596671
-1.281589685,-0.3731521910000001
-1.28318689,-0.3750688310000001
-1.2841452130000002,-0.3731521910000001
-1.284784095,-0.3737910710000001
-1.2863813000000002,-0.370277231
-1.287339623,-0.37187443100000006
-1.2886173870000002,-0.37123555100000005
-1.289256269,-0.374429951
-1.290214592,-0.37602715100000006
-1.292131238,-0.3737910710000001
-1.292131238,-0.3773049110000001
-1.2930895610000002,-0.37123555100000005
-1.294686766,-0.3750688310000001
-1.29596453,-0.3709161110000001
-1.296922853,-0.370596671
-1.298200617,-0.3696383510000001
-1.298520058,-0.3651661910000001
-1.3001172630000002,-0.366124511
-1.3001172630000002,-0.35845795100000005
-1.301075586,-0.35781907100000004
-1.3023533500000002,-0.35143027100000007
-1.302992232,-0.34695811100000007
-1.302992232,-0.34631923100000006
-1.303950555,-0.33641659100000004
-1.305228319,-0.33801379100000006
-1.305228319,-0.33322219100000006
-1.3068255240000002,-0.33354163100000006
-1.307144965,-0.33002779100000007
-1.307783847,-0.32523619100000006
-1.308103288,-0.3268333910000001
-1.309381052,-0.32044459100000006
-1.310019934,-0.32491675100000006
-1.310978257,-0.31693075100000007
-1.311617139,-0.31533355100000005
-1.312256021,-0.31469467100000004
-1.3135337850000002,-0.31118083100000005
-1.3135337850000002,-0.31054195100000004
-1.314172667,-0.30351427100000006
-1.31513099,-0.30638923100000004
-1.315450431,-0.30575035100000003
-1.3157698720000002,-0.3054309110000001
-1.316728195,-0.3054309110000001
-1.317686518,-0.29808379100000004
-1.318644841,-0.29968099100000006
-1.318964282,-0.29393107100000004
-1.319922605,-0.29520883100000006
-1.319283723,-0.29041723100000005
-1.320561487,-0.28626451100000005
-1.321200369,-0.2878617110000001
-1.321839251,-0.2833895510000001
-1.3224781330000002,-0.28466731100000003
-1.323117015,-0.27668131100000004
-1.324075338,-0.2754035510000001
-1.323755897,-0.27157027100000003
-1.3247142200000002,-0.2664592310000001
-1.324075338,-0.26741755100000003
-1.325353102,-0.262625951
-1.325672543,-0.2667786710000001
-1.326311425,-0.25943155100000004
-1.325991984,-0.25687603100000006
-1.326630866,-0.25048723100000003
-1.327589189,-0.24697339100000004
-1.3272697480000002,-0.2482511510000001
-1.328228071,-0.24122347100000005
-1.328547512,-0.24569563100000005
-1.328547512,-0.23675131100000005
-1.3291863940000002,-0.24282067100000004
-1.3291863940000002,-0.2377096310000001
-1.330144717,-0.23483467100000005
-1.329825276,-0.23802907100000004
-1.330144717,-0.22844587100000005
-1.330144717,-0.23419579100000004
-1.33110304,-0.22461259100000008
-1.3314224810000002,-0.22780699100000004
-1.332061363,-0.22461259100000008
-1.332061363,-0.22077931100000003
-1.332700245,-0.22365427100000004
-1.333019686,-0.21343219100000005
-1.332700245,-0.22077931100000003
-1.3336585680000002,-0.21183499100000008
-1.333019686,-0.21375163100000005
-1.3339780090000002,-0.21215443100000003
-1.33429745,-0.20608507100000004
-1.334616891,-0.21119611100000005
-1.33429745,-0.20001571100000004
-1.335255773,-0.20640451100000004
-1.335575214,-0.19969627100000004
-1.334616891,-0.20065459100000005
-1.3358946550000002,-0.19969627100000004
-1.336852978,-0.19426579100000005
-1.3358946550000002,-0.19873795100000005
-1.3358946550000002,-0.19043251100000003
-1.3358946550000002,-0.19426579100000005
-1.336533537,-0.18755755100000004
-1.33749186,-0.18819643100000005
-1.337172419,-0.18947419100000004
-1.337172419,-0.18212707100000003
-1.336852978,-0.18627979100000003
-1.33749186,-0.17765491100000003
-1.337172419,-0.18436315100000003
-1.33749186,-0.17989099100000003
-1.3384501830000002,-0.17829379100000003
-1.33749186,-0.17797435100000003
-1.337811301,-0.17158555100000003
-1.3384501830000002,-0.17829379100000003
-1.3384501830000002,-0.17094667100000005
-1.3384501830000002,-0.17477995100000004
-1.339408506,-0.17190499100000003
-1.3384501830000002,-0.16934947100000003
-1.339089065,-0.17158555100000003
-1.339408506,-0.16551619100000003
-1.338769624,-0.16998835100000004
-1.340047388,-0.16423843100000005
-1.339727947,-0.16583563100000004
-1.340047388,-0.16328011100000003
-1.340047388,-0.16040515100000002
-1.340047388,-0.16104403100000003
-1.339727947,-0.15401635100000002
-1.339408506,-0.15657187100000003
-1.339408506,-0.15082195100000004
-1.339408506,-0.14954419100000002
-1.339727947,-0.14443315100000004
-1.339408506,-0.14091931100000005
-1.339408506,-0.14123875100000002
-1.339408506,-0.13484995100000002
-1.339089065,-0.13421107100000004
-1.3384501830000002,-0.12590563100000002
-1.338769624,-0.12494731100000002
-1.3381307420000002,-0.118877951
-1.3381307420000002,-0.11536411100000002
-1.337811301,-0.11025307100000002
-1.336852978,-0.101947631
-1.3362140960000002,-0.096836591
-1.335575214,-0.08693395100000001
-1.334616891,-0.08757283100000003
-1.333339127,-0.084697871
-1.330783599,-0.08214235100000002
-1.330464158,-0.07671187100000001
-1.328866953,-0.07543411100000001
-1.3269503070000002,-0.074795231
-1.325672543,-0.07639243100000001
-1.3227975740000002,-0.07575355100000002
-1.321839251,-0.074795231
-1.3202420460000002,-0.07543411100000001
-1.3183254,-0.075114671
-1.317367077,-0.07671187100000001
-1.315450431,-0.076072991
-1.3135337850000002,-0.076072991
-1.31193658,-0.07575355100000002
-1.310339375,-0.07639243100000001
-1.308103288,-0.07671187100000001
-1.307783847,-0.07671187100000001
-1.305867201,-0.07639243100000001
-1.3042699960000002,-0.076072991
-1.3023533500000002,-0.076072991
-1.301714468,-0.07671187100000001
-1.3001172630000002,-0.077031311
-1.298200617,-0.07639243100000001
-1.296283971,-0.076072991
-1.295006207,-0.07575355100000002
-1.2930895610000002,-0.07639243100000001
-1.292450679,-0.07671187100000001
-1.289895151,-0.07575355100000002
-1.287978505,-0.07543411100000001
-1.2863813000000002,-0.075114671
-1.283825772,-0.07639243100000001
-1.282548008,-0.07671187100000001
-1.280950803,-0.07575355100000002
-1.278395275,-0.07543411100000001
-1.276478629,-0.076072991
-1.274561983,-0.076072991
-1.272006455,-0.07671187100000001
-1.269770368,-0.076072991
-1.267534281,-0.075114671
-1.265617635,-0.07639243100000001
-1.263381548,-0.07671187100000001
-1.261145461,-0.077031311
-1.258909374,-0.076072991
-1.257312169,-0.07639243100000001
-1.2547566410000002,-0.07735075100000001
-1.252839995,-0.07767019100000001
-1.250603908,-0.07735075100000001
-1.248367821,-0.07671187100000001
-1.246770616,-0.07735075100000001
-1.244534529,-0.078309071
-1.242937324,-0.078309071
-1.240062355,-0.07735075100000001
-1.238145709,-0.07735075100000001
-1.235590181,-0.078309071
-1.2343124170000002,-0.078309071
-1.2320763300000002,-0.07767019100000001
-1.2298402430000002,-0.07735075100000001
-1.227284715,-0.07862851100000001
-1.225048628,-0.07894795100000002
-1.223451423,-0.077989631
-1.220257013,-0.07767019100000001
-1.218340367,-0.07862851100000001
-1.215784839,-0.07862851100000001
-1.213548752,-0.078309071
-1.210673783,-0.07767019100000001
-1.209076578,-0.07894795100000002
-1.206840491,-0.079267391
-1.204604404,-0.07862851100000001
-1.201729435,-0.077989631
-1.199173907,-0.079267391
-1.196618379,-0.07958683100000001
-1.194062851,-0.07862851100000001
-1.191826764,-0.078309071
-1.188951795,-0.07990627100000001
-1.1870351490000002,-0.07990627100000001
-1.184479621,-0.07958683100000001
-1.181285211,-0.07894795100000002
-1.179049124,-0.08054515100000001
-1.1755352730000002,-0.080225711
-1.1732991860000002,-0.07862851100000001
-1.169465894,-0.07862851100000001
-1.1665909250000002,-0.080225711
-1.164674279,-0.07862851100000001
-1.161160428,-0.07862851100000001
-1.158285459,-0.080225711
-1.155729931,-0.08118403100000003
-1.152535521,-0.07958683100000001
-1.1487022290000002,-0.08086459100000001
-1.145507819,-0.08118403100000003
-1.1416745270000002,-0.07958683100000001
-1.138480117,-0.079267391
-1.134646825,-0.080225711
-1.131452415,-0.08054515100000001
-1.1282580050000002,-0.07958683100000001
-1.1260219180000002,-0.083420111
-1.122508067,-0.08310067100000001
-1.118674775,-0.08182291100000001
-1.115480365,-0.083420111
-1.113244278,-0.08405899100000001
-1.1100498680000002,-0.08182291100000001
-1.107174899,-0.083420111
-1.104619371,-0.08437843100000003
-1.1011055200000002,-0.08214235100000002
-1.098549992,-0.08373955100000001
-1.095355582,-0.08437843100000003
-1.092800054,-0.083420111
-1.088966762,-0.08405899100000001
-1.086091793,-0.08597563100000001
-1.083536265,-0.08405899100000001
-1.0806612960000002,-0.085656191
-1.078105768,-0.08693395100000001
-1.074911358,-0.08437843100000003
-1.072675271,-0.086614511
-1.070119743,-0.08629507100000001
-1.0672447740000002,-0.085656191
-1.064689246,-0.087892271
-1.061814277,-0.086614511
-1.05957819,-0.08693395100000001
-1.057342103,-0.08853115100000002
-1.054786575,-0.08725339100000001
-1.052550488,-0.08821171100000001
-1.04999496,-0.08917003100000001
-1.047758873,-0.08629507100000001
-1.044883904,-0.08948947100000001
-1.042008935,-0.087892271
-1.039453407,-0.087892271
-1.036897879,-0.08948947100000001
-1.03402291,-0.08757283100000003
-1.0308285,-0.09012835100000001
-1.0289118540000002,-0.088850591
-1.025078562,-0.08757283100000003
-1.022523034,-0.090767231
-1.019009183,-0.08757283100000003
-1.015814773,-0.090447791
-1.013578686,-0.088850591
-1.009745394,-0.08948947100000001
-1.007189866,-0.090447791
-1.003037133,-0.08917003100000001
-1.000162164,-0.091725551
-0.996967754,-0.08917003100000001
-0.993453903,-0.091725551
-0.989620611,-0.090447791
-0.98610676,-0.091086671
-0.983551232,-0.092683871
-0.979398499,-0.090447791
-0.975245766,-0.093642191
-0.971731915,-0.089808911
-0.9682180640000002,-0.094281071
-0.965662536,-0.090447791
-0.959912598,-0.094919951
-0.95735707,-0.091086671
-0.952565455,-0.095558831
-0.949371045,-0.090767231
-0.943301666,-0.094919951
-0.939787815,-0.091725551
-0.9343573180000002,-0.095558831
-0.931162908,-0.090767231
-0.924774088,-0.09651715100000001
-0.920301914,-0.091086671
-0.91582974,-0.09939211100000002
-0.911996448,-0.092044991
-0.906565951,-0.100989311
-0.902093777,-0.094600511
-0.897302162,-0.10258651100000002
-0.8934688699999999,-0.098433791
-0.8896355779999998,-0.10162819100000002
-0.884843963,-0.103864271
-0.882607876,-0.09939211100000002
-0.877816261,-0.107378111
-0.8752607329999998,-0.100030991
-0.8714274409999998,-0.10769755100000002
-0.86791359,-0.105142031
-0.8650386209999998,-0.102905951
-0.8602470059999998,-0.10993363100000002
-0.856413714,-0.100030991
-0.852899863,-0.107378111
-0.848427689,-0.107058671
-0.8445943969999998,-0.100030991
-0.8398027819999998,-0.112808591
-0.8346917259999999,-0.10801699100000002
-0.831497316,-0.102905951
-0.8267057009999998,-0.11344747100000002
-0.8219140859999998,-0.105461471
-0.8196779989999998,-0.100989311
-0.8139280609999998,-0.107058671
-0.8094558869999998,-0.09651715100000001
-0.806580918,-0.095558831
-0.8008309799999999,-0.099072671
-0.79763657,-0.08948947100000001
-0.7938032779999998,-0.09332275100000001
-0.788692222,-0.091725551
-0.785178371,-0.08373955100000001
-0.7813450789999998,-0.08917003100000001
-0.7759145819999999,-0.083420111
-0.7733590539999998,-0.079267391
-0.7679285569999998,-0.082461791
-0.7631369419999998,-0.07575355100000002
-0.760261973,-0.076072991
-0.754831476,-0.075114671
-0.751637066,-0.06904531100000001
-0.7471648919999998,-0.07128139100000001
-0.7426927179999998,-0.06712867100000001
-0.739178867,-0.06393427100000001
-0.734387252,-0.065212031
-0.7295956369999999,-0.05882323100000001
-0.7251234629999999,-0.05978155100000001
-0.7206512889999999,-0.056267711000000005
-0.7168179969999999,-0.052434431
-0.712026382,-0.053712191000000006
-0.707873649,-0.04796227100000001
-0.7030820339999999,-0.04796227100000001
-0.698290419,-0.045087311000000005
-0.694457127,-0.042212351
-0.68902663,-0.041254031
-0.684873897,-0.038059631
-0.680401723,-0.03678187100000001
-0.675929549,-0.034226351
-0.671137934,-0.031351391000000006
-0.66666576,-0.030393071
-0.661874145,-0.027518111000000005
-0.6580408529999999,-0.024643151
-0.653249238,-0.022726511
-0.648777064,-0.020170991000000003
-0.644943772,-0.018573791000000003
-0.639513275,-0.019851551
-0.635041101,-0.017615471
-0.629930045,-0.018254351
-0.624818989,-0.017615471
-0.620346815,-0.018254351
-0.615235759,-0.017615471
-0.6104441439999999,-0.017934911
-0.6059719699999999,-0.018254351
-0.6014997959999999,-0.018254351
-0.59638874,-0.017615471
-0.591597125,-0.017934911
-0.585847187,-0.018254351
-0.581375013,-0.017934911
-0.576263957,-0.018254351
-0.572430665,-0.018573791000000003
-0.5676390499999999,-0.017296031000000003
-0.562847435,-0.018893231000000003
-0.558375261,-0.017934911
-0.553583646,-0.017934911
-0.549111472,-0.018573791000000003
-0.544639298,-0.017615471
-0.540806006,-0.018573791000000003
-0.536333832,-0.017615471
-0.5315422169999999,-0.018254351
-0.526431161,-0.017934911
-0.521958987,-0.018573791000000003
-0.517486813,-0.016976591000000003
-0.512695198,-0.017934911
-0.5066258189999999,-0.017934911
-0.502473086,-0.016976591000000003
-0.498639794,-0.018254351
-0.493528738,-0.017296031000000003
-0.487459359,-0.017296031000000003
-0.48138998,-0.017615471
-0.476598365,-0.017934911
-0.471487309,-0.016018271
-0.465098489,-0.017615471
-0.459667992,-0.017615471
-0.454556936,-0.016657151000000002
-0.449765321,-0.018254351
-0.444015383,-0.017296031000000003
-0.438584886,-0.017934911
-0.434112712,-0.018254351
-0.429321097,-0.017934911
-0.423571159,-0.017934911
-0.419418426,-0.018254351
-0.413987929,-0.017615471
-0.409515755,-0.017934911
-0.404085258,-0.018254351
-0.399293643,-0.017615471
-0.395460351,-0.018254351
-0.391627059,-0.018573791000000003
-0.386516003,-0.017934911
-0.381724388,-0.017615471
-0.377252214,-0.018254351
-0.37278004,-0.017934911
-0.368307866,-0.017615471
-0.363835692,-0.018893231000000003
-0.359044077,-0.018254351
-0.354252462,-0.018573791000000003
-0.349460847,-0.017615471
-0.344669232,-0.017615471
-0.340197058,-0.018573791000000003
-0.33604432500000003,-0.018893231000000003
-0.33125271,-0.017615471
-0.32646109500000003,-0.017615471
-0.32166948,-0.018254351
-0.31687786500000004,-0.018254351
-0.312725132,-0.017615471
-0.308572399,-0.018254351
-0.304100225,-0.017934911
-0.29930861000000003,-0.018254351
-0.29483643600000004,-0.018573791000000003
-0.290044821,-0.017934911
-0.28525320600000004,-0.017934911
-0.280461591,-0.018254351
-0.276628299,-0.018254351
-0.272475566,-0.017934911
-0.268642274,-0.017934911
-0.263531218,-0.018254351
-0.259378485,-0.017934911
-0.254906311,-0.017934911
-0.250114696,-0.018254351
-0.24500364,-0.017934911
-0.240850907,-0.017934911
-0.235739851,-0.017934911
-0.231267677,-0.017934911
-0.22583718,-0.017934911
-0.221684447,-0.017934911
-0.216892832,-0.017615471
-0.212101217,-0.016657151000000002
-0.206990161,-0.017615471
-0.202198546,-0.017934911
-0.197406931,-0.017615471
-0.192934757,-0.017296031000000003
-0.18750426,-0.016976591000000003
-0.182712645,-0.017615471
-0.177282148,-0.017615471
-0.17185165100000002,-0.017296031000000003
-0.167379477,-0.017615471
-0.16194898000000002,-0.016657151000000002
-0.15715736500000002,-0.017934911
-0.152685191,-0.016976591000000003
-0.14725469400000002,-0.017934911
-0.14246307900000002,-0.017296031000000003
-0.137032582,-0.017934911
-0.13287984900000002,-0.017934911
-0.12776879300000002,-0.017934911
-0.12297717800000002,-0.017615471
-0.118185563,-0.017934911
-0.113074507,-0.017296031000000003
-0.109241215,-0.017934911
-0.104130159,-0.017615471
-0.099019103,-0.017934911
-0.094227488,-0.017615471
-0.08911643200000001,-0.018254351
-0.08464425800000001,-0.017296031000000003
-0.080172084,-0.018254351
-0.075061028,-0.017296031000000003
-0.070269413,-0.018254351
-0.064519475,-0.017296031000000003
-0.059408419,-0.017934911
-0.053658481,-0.016976591000000003
-0.049186307,-0.016976591000000003
-0.044075251,-0.017296031000000003
-0.038964195,-0.017615471
-0.033533698,-0.017296031000000003
-0.028103201,-0.017934911
-0.023311586,-0.017615471
-0.01820053,-0.017615471
-0.012450592,-0.017296031000000003
-0.007339536,-0.017615471
-0.002547921,-0.017934911
0.003202017,-0.016657151000000002
0.008951955000000001,-0.017615471
0.014063011,-0.017296031000000003
0.018535185000000003,-0.017934911
0.0233268,-0.017296031000000003
0.028437856,-0.017615471
0.033548912,-0.017296031000000003
0.038659968,-0.017615471
0.043771024,-0.017615471
0.048562639000000005,-0.017615471
0.054312577,-0.016657151000000002
0.059743074,-0.017615471
0.064215248,-0.017615471
0.069006863,-0.017296031000000003
0.07443735999999998,-0.017615471
0.07890953399999999,-0.017934911
0.08434003099999998,-0.017296031000000003
0.08913164599999998,-0.016976591000000003
0.094242702,-0.017615471
0.099353758,-0.017296031000000003
0.103506491,-0.018254351
0.10957587,-0.017615471
0.113728603,-0.017615471
0.118520218,-0.017934911
0.123631274,-0.017934911
0.128103448,-0.017934911
0.132575622,-0.017934911
0.138006119,-0.017934911
0.143117175,-0.018254351
0.147589349,-0.017615471
0.153339287,-0.017615471
0.158450343,-0.017615471
0.163241958,-0.017296031000000003
0.168353014,-0.017615471
0.173144629,-0.017934911
0.177936244,-0.017296031000000003
0.182727859,-0.017615471
0.187838915,-0.017296031000000003
0.19263053,-0.017296031000000003
0.197741586,-0.017296031000000003
0.202533201,-0.017615471
0.207324816,-0.018254351
0.212116431,-0.016976591000000003
0.216588605,-0.017615471
0.221060779,-0.017934911
0.225852394,-0.017934911
0.23096345,-0.018254351
0.235435624,-0.017934911
0.24054668,-0.018254351
0.244699413,-0.017934911
0.248852146,-0.017934911
0.253643761,-0.017934911
0.257477053,-0.017934911
0.262268668,-0.018254351
0.266421401,-0.017615471
0.270574134,-0.017934911
0.274726867,-0.018254351
0.279199041,-0.017296031000000003
0.283990656,-0.017934911
0.28846283,-0.017296031000000003
0.292935004,-0.017615471
0.297726619,-0.017934911
0.302198793,-0.017615471
0.306990408,-0.018254351
0.312101464,-0.017615471
0.316573638,-0.017615471
0.321365253,-0.017615471
0.326476309,-0.017296031000000003
0.331587365,-0.017934911
0.33637898,-0.017615471
0.341170595,-0.017296031000000003
0.34596221,-0.017615471
0.350434384,-0.017615471
0.354587117,-0.017615471
0.359059291,-0.017934911
0.363531465,-0.017615471
0.36832308,-0.017934911
0.373114695,-0.017934911
0.378545192,-0.017296031000000003
0.383017366,-0.017934911
0.387808981,-0.017615471
0.391961714,-0.017934911
0.396753329,-0.017934911
0.400906062,-0.017615471
0.405378236,-0.018254351
0.409211528,-0.018254351
0.41304482,-0.017615471
0.417197553,-0.017934911
0.421669727,-0.017934911
0.426141901,-0.017934911
0.430294634,-0.016976591000000003
0.434766808,-0.018254351
0.439558423,-0.017296031000000003
0.444350038,-0.017615471
0.448822212,-0.017615471
0.452974945,-0.017615471
0.458086001,-0.017296031000000003
0.463197057,-0.017934911
0.467669231,-0.016976591000000003
0.472460846,-0.017934911
0.477571902,-0.017615471
0.482044076,-0.017615471
0.48651625,-0.017615471
0.491307865,-0.017934911
0.495141157,-0.017934911
0.499613331,-0.018254351
0.503766064,-0.017615471
0.508557679,-0.017615471
0.513029853,-0.016976591000000003
0.5181409090000001,-0.018254351
0.521974201,-0.018254351
0.526765816,-0.017615471
0.530918549,-0.017615471
0.5350712820000001,-0.017615471
0.5395434560000001,-0.017934911
0.5440156300000001,-0.016976591000000003
0.5488072450000001,-0.017296031000000003
0.55359886,-0.017296031000000003
0.5587099160000001,-0.017296031000000003
0.5635015310000001,-0.017296031000000003
0.568293146,-0.016657151000000002
0.5721264380000001,-0.014740511
0.576279171,-0.011865551000000002
0.5810707860000001,-0.010268351000000002
0.5858624010000001,-0.008032271
0.589695693,-0.004837871000000001
0.5951261900000001,-0.0032406710000000005
0.5995983640000001,-0.0035601110000000004
0.60470942,-0.0006851510000000002
0.608862153,0.001550929
0.613653768,0.001231489
0.6184453830000001,0.0044258890000000006
0.622598116,0.012411889000000002
0.6277091720000001,0.012731329000000005
0.632500787,0.016564609
0.638570166,0.017522929000000003
0.644000663,0.019120129000000003
0.6478339550000001,0.023911729000000003
0.653264452,0.024231169000000004
0.659653272,0.02838388900000001
0.6634865640000001,0.029342209000000005
0.668917061,0.030939409000000005
0.6727503530000001,0.03668932900000001
0.6781808500000001,0.035411569000000004
0.6832919060000001,0.040842049000000005
0.6877640800000001,0.042439249000000005
0.693833459,0.04211980900000001
0.698305633,0.05106412900000001
0.70373613,0.048828049000000005
0.709486068,0.05266132900000001
0.7133193600000001,0.056814049000000005
0.71970818,0.05266132900000001
0.723541472,0.06256396900000001
0.727694205,0.06128620900000001
0.734402466,0.05968900900000001
0.7372774350000002,0.07150828900000002
0.743346814,0.065438929
0.7487773110000001,0.068633329
0.75165228,0.07757764900000001
0.7586799820000002,0.06927220900000002
0.762832715,0.079174849
0.7666660070000002,0.08332756900000003
0.772735386,0.07438324900000001
0.776249237,0.08716084900000001
0.780082529,0.08748028900000002
0.78679079,0.078216529
0.7893463180000002,0.094507969
0.7938184920000002,0.092910769
0.802123958,0.08396644900000001
0.804360045,0.095466289
0.8107488650000002,0.083647009
0.816818244,0.081410929
0.8196932130000002,0.082369249
0.827359797,0.07086940900000001
0.8299153250000002,0.079174849
0.835026381,0.07118884900000001
0.838540232,0.07757764900000001
0.842054083,0.07757764900000001
0.84748458,0.075980449
0.850040108,0.081410929
0.8548317230000002,0.07342492900000001
0.8570678100000002,0.07949428900000001
0.861859425,0.07150828900000002
0.865692717,0.07438324900000001
0.8682482450000002,0.06831388900000002
0.872400978,0.071827729
0.8752759470000001,0.068633329
0.8797481210000001,0.070549969
0.881345326,0.07118884900000001
0.886136941,0.070549969
0.8877341460000001,0.072786049
0.892525761,0.07023052900000001
0.8944424070000001,0.07310548900000001
0.8989145810000002,0.06799444900000001
0.902428432,0.07118884900000001
0.906900606,0.06671668900000001
0.909775575,0.07023052900000001
0.9145671900000002,0.06671668900000001
0.9177616,0.070549969
0.9225532150000002,0.067355569
0.925747625,0.07023052900000001
0.930219799,0.068633329
0.93373365,0.068633329
0.939164147,0.06831388900000002
0.942677998,0.06607780900000002
0.946830731,0.06831388900000002
0.950983464,0.06448060900000001
0.955136197,0.06703612900000001
0.959608371,0.06448060900000001
0.965038868,0.06831388900000002
0.971747129,0.06480004900000001
0.975899862,0.067355569
0.979413713,0.065438929
0.982608123,0.063202849
0.986441415,0.062883409
0.9902747070000002,0.05873068900000001
0.99442744,0.06096676900000001
0.999538496,0.05968900900000001
1.003052347,0.05936956900000001
1.005927316,0.061605649000000005
1.008802285,0.05936956900000001
1.011677254,0.06096676900000001
1.014871664,0.05873068900000001
1.018385515,0.05777236900000001
1.020941043,0.05873068900000001
1.023816012,0.055216849000000005
1.026690981,0.05745292900000001
1.02956595,0.05713348900000001
1.032121478,0.055216849000000005
1.035315888,0.058411249000000005
1.037551975,0.055216849000000005
1.039468621,0.05585572900000001
1.04234359,0.056814049000000005
1.045857441,0.05393908900000001
1.048412969,0.056814049000000005
1.050968497,0.05585572900000001
1.053843466,0.05457796900000001
1.056079553,0.05649460900000001
1.059273963,0.05425852900000001
1.061829491,0.05425852900000001
1.064385019,0.05617516900000001
1.067579429,0.05330020900000001
1.070134957,0.05457796900000001
1.072690485,0.05553628900000001
1.075246013,0.05298076900000001
1.078440423,0.05489740900000001
1.081315392,0.05489740900000001
1.084509802,0.05266132900000001
1.087384771,0.05457796900000001
1.090579181,0.05489740900000001
1.093134709,0.05170300900000001
1.096009678,0.05393908900000001
1.098565206,0.05330020900000001
1.101440175,0.05106412900000001
1.104634585,0.05330020900000001
1.107509554,0.05266132900000001
1.110384523,0.05106412900000001
1.112940051,0.05266132900000001
1.116134461,0.05330020900000001
1.11900943,0.05106412900000001
1.121564958,0.05170300900000001
1.124120486,0.05266132900000001
1.126995455,0.05010580900000001
1.129550983,0.05010580900000001
1.132425952,0.05170300900000001
1.135300921,0.05010580900000001
1.13817589,0.050425249000000005
1.1413703,0.05138356900000001
1.144245269,0.05106412900000001
1.147120238,0.04946692900000001
1.149995207,0.05010580900000001
1.152870176,0.050425249000000005
1.155425704,0.04850860900000001
1.158300673,0.048828049000000005
1.161495083,0.04946692900000001
1.164370052,0.05074468900000001
1.167245021,0.04850860900000001
1.169481108,0.05170300900000001
1.171717195,0.05457796900000001
1.173953282,0.05649460900000001
1.17650881,0.05873068900000001
1.178744897,0.062883409
1.181300425,0.06799444900000001
1.18289763,0.07150828900000002
1.185453158,0.07629988900000001
1.186730922,0.08013316900000003
1.188967009,0.084605329
1.190564214,0.08843860900000002
1.19248086,0.093230209
1.194397506,0.096105169
1.196314152,0.10121620900000002
1.197911357,0.10888276900000002
1.198230798,0.11846596900000002
1.200466885,0.128368609
1.201425208,0.139229569
1.202383531,0.14913220900000002
1.203341854,0.160951489
1.204939059,0.171493009
1.205577941,0.180756769
1.207175146,0.193214929
1.208772351,0.203437009
1.210369556,0.212700769
1.211327879,0.220047889
1.212286202,0.229311649
1.214202848,0.238575409
1.215800053,0.24624196900000003
1.217077817,0.255186289
1.218675022,0.26093620900000003
1.220272227,0.271477729
1.222188873,0.27914428900000005
1.224105519,0.285533089
1.225702724,0.29192188900000005
1.22761937,0.298630129
1.229216575,0.307574449
1.23081378,0.31268548900000004
1.232730426,0.32194924900000005
1.234966513,0.328018609
1.2372026,0.33568516900000006
1.239758128,0.34303228900000005
1.240716451,0.345268369
1.242952538,0.35069884900000003
1.244549743,0.35133772900000004
1.246466389,0.357407089
1.249021917,0.35868484900000003
1.250299681,0.36155980900000007
1.252535768,0.363157009
1.254132973,0.361879249
1.256049619,0.361879249
1.256688501,0.357726529
1.257966265,0.35964316900000004
1.25956347,0.35485156900000003
1.260521793,0.353254369
1.262438439,0.35069884900000003
1.26275788,0.34654612900000004
1.263716203,0.34718500900000004
1.265313408,0.33951844900000006
1.266271731,0.33760180900000003
1.266910613,0.33121300900000006
1.267868936,0.32897692900000003
1.268507818,0.328338049
1.269785582,0.324504769
1.270743905,0.32706028900000006
1.272021669,0.323546449
1.272660551,0.327699169
1.274257756,0.324185329
1.275216079,0.32226868900000005
1.276813284,0.32546308900000004
1.277132725,0.324504769
1.278410489,0.33025468900000005
1.280007694,0.328657489
1.280966017,0.32929636900000003
1.282243781,0.32993524900000004
1.282563222,0.328018609
1.283521545,0.33057412900000005
1.285757632,0.328657489
1.286396514,0.32961580900000004
1.287035396,0.32961580900000004
1.28831316,0.32578252900000004
1.289271483,0.32674084900000006
1.290229806,0.32162980900000004
1.290549247,0.320032609
1.292465893,0.31779652900000005
1.292785334,0.31300492900000004
1.293104775,0.31268548900000004
1.294382539,0.306616129
1.29470198,0.305977249
1.296299185,0.302463409
1.296618626,0.298949569
1.297257508,0.29990788900000004
1.298215831,0.293199649
1.298854713,0.29543572900000004
1.299813036,0.29064412900000003
1.300132477,0.289046929
1.301410241,0.289046929
1.302049123,0.28233868900000003
1.302688005,0.285852529
1.303965769,0.280102609
1.30428521,0.28233868900000003
1.304924092,0.277227649
1.305562974,0.272436049
1.306201856,0.276908209
1.30747962,0.269241649
1.307799061,0.27531100900000005
1.308437943,0.267963889
1.309396266,0.26604724900000004
1.309715707,0.264450049
1.310354589,0.258700129
1.310354589,0.263491729
1.311632353,0.254866849
1.311632353,0.258700129
1.312910117,0.25326964900000004
1.312910117,0.251672449
1.314187881,0.25326964900000004
1.314507322,0.244644769
1.315146204,0.25007524900000005
1.315785086,0.243047569
1.316104527,0.243047569
1.31706285,0.240172609
1.31706285,0.232186609
1.317701732,0.234742129
1.318340614,0.225478369
1.318660055,0.22867276900000005
1.319298937,0.222922849
1.319298937,0.22036732900000003
1.319937819,0.219409009
1.319937819,0.210784129
1.320896142,0.214297969
1.321535024,0.207270289
1.320896142,0.205992529
1.321854465,0.202159249
1.321854465,0.19672876900000005
1.322173906,0.198325969
1.322493347,0.191617729
1.322493347,0.192256609
1.322812788,0.187784449
1.32345167,0.184590049
1.32345167,0.18395116900000005
1.323771111,0.17947900900000002
1.323771111,0.179798449
1.324729434,0.17468740900000002
1.324729434,0.174048529
1.325048875,0.171493009
1.325368316,0.16893748900000002
1.325368316,0.17053468900000002
1.325368316,0.165423649
1.325687757,0.167340289
1.326326639,0.163187569
1.326326639,0.163187569
1.326965521,0.161590369
1.32664608,0.158715409
1.327284962,0.159354289
1.327284962,0.156159889
1.327604403,0.157437649
1.327923844,0.153923809
1.327604403,0.153284929
1.328562726,0.151048849
1.328243285,0.148812769
1.328562726,0.148812769
1.328882167,0.14529892900000002
1.328882167,0.143382289
1.329521049,0.141465649
1.328882167,0.139868449
1.329201608,0.138271249
1.329521049,0.137312929
1.32984049,0.135715729
1.330159931,0.135396289
1.329201608,0.135076849
1.330159931,0.132521329
1.330479372,0.131243569
1.330479372,0.129326929
1.330159931,0.129007489
1.330159931,0.126771409
1.330159931,0.12613252900000002
1.331118254,0.12357700900000002
1.330479372,0.121340929
1.330798813,0.122299249
1.331118254,0.11846596900000002
1.331118254,0.11750764900000002
1.331118254,0.11335492900000002
1.330798813,0.110479969
1.331118254,0.10696612900000002
1.331118254,0.104091169
1.330479372,0.10121620900000002
1.330159931,0.096105169
1.330159931,0.094188529
1.330159931,0.08843860900000002
1.330159931,0.08524420900000002
1.329201608,0.081410929
1.328562726,0.07661932900000001
1.328882167,0.07150828900000002
1.328243285,0.066397249
1.327604403,0.06224452900000001
1.327284962,0.05649460900000001
1.326007198,0.05266132900000001
1.326007198,0.04755028900000001
1.325048875,0.046591969
1.324729434,0.043397569
1.324090552,0.04116148900000001
1.322812788,0.03892540900000001
1.320896142,0.03956428900000001
1.32025726,0.037008769
1.318979496,0.033814369000000004
1.318340614,0.033175489
1.316423968,0.033175489
1.314507322,0.033814369000000004
1.313229558,0.033814369000000004
1.311312912,0.03349492900000001
1.309715707,0.032856049000000005
1.307799061,0.032536609
1.305882415,0.033814369000000004
1.303326887,0.033814369000000004
1.301729682,0.03413380900000001
1.299813036,0.032536609
1.297576949,0.032536609
1.295660303,0.03349492900000001
1.293424216,0.033814369000000004
1.291827011,0.033814369000000004
1.289910365,0.033814369000000004
1.287993719,0.032856049000000005
1.285757632,0.03413380900000001
1.284160427,0.035411569000000004
1.282243781,0.034453249000000005
1.280646576,0.034453249000000005
1.27872993,0.033175489
1.277452166,0.034772689
1.27553552,0.03509212900000001
1.273938315,0.03573100900000001
1.27234111,0.03413380900000001
1.270105023,0.034453249000000005
1.268188377,0.034772689
1.266271731,0.03573100900000001
1.264993967,0.034453249000000005
1.263077321,0.034772689
1.261799557,0.033814369000000004
1.259244029,0.035411569000000004
1.257966265,0.035411569000000004
1.255091296,0.034772689
1.25317465,0.03413380900000001
1.250619122,0.034772689
1.249021917,0.036050449000000005
1.247105271,0.034772689
1.244869184,0.034772689
1.242952538,0.034453249000000005
1.24039701,0.036050449000000005
1.238160923,0.037008769
1.236563718,0.036050449000000005
1.23400819,0.034772689
1.232410985,0.036369889
1.230494339,0.036369889
1.228897134,0.03732820900000001
1.226980488,0.035411569000000004
1.22442496,0.036369889
1.223466637,0.03668932900000001
1.219952786,0.037008769
1.21803614,0.03509212900000001
1.215480612,0.036050449000000005
1.213563966,0.036369889
1.211327879,0.03732820900000001
1.208772351,0.035411569000000004
1.206216823,0.036050449000000005
1.203341854,0.03668932900000001
1.200466885,0.037008769
1.198550239,0.03573100900000001
1.195355829,0.03573100900000001
1.192800301,0.03732820900000001
1.190244773,0.037008769
1.187369804,0.035411569000000004
1.183855953,0.035411569000000004
1.180022661,0.036369889
1.176828251,0.036369889
1.1733144,0.034772689
1.170758872,0.036050449000000005
1.167245021,0.03796708900000001
1.164689493,0.037647649000000005
1.161495083,0.037647649000000005
1.158939555,0.03956428900000001
1.156064586,0.040203169
1.153189617,0.03892540900000001
1.150634089,0.038605969
1.148398002,0.03988372900000001
1.146161915,0.03956428900000001
1.142967505,0.03828652900000001
1.140731418,0.03988372900000001
1.137856449,0.04052260900000001
1.13498148,0.03988372900000001
1.132745393,0.039244849000000005
1.130189865,0.04148092900000001
1.126676014,0.04052260900000001
1.124439927,0.03956428900000001
1.121884399,0.04116148900000001
1.11900943,0.040842049000000005
1.116453902,0.03892540900000001
1.112940051,0.040842049000000005
1.110384523,0.040842049000000005
1.107190113,0.040203169
1.104634585,0.040842049000000005
1.101440175,0.042439249000000005
1.098884647,0.040842049000000005
1.095690237,0.04211980900000001
1.092815268,0.043397569
1.089940299,0.041800369
1.087384771,0.04275868900000001
1.084190361,0.04371700900000001
1.081954274,0.04211980900000001
1.079718187,0.04371700900000001
1.076204336,0.04467532900000001
1.073329367,0.042439249000000005
1.07109328,0.04371700900000001
1.06789887,0.04467532900000001
1.065662783,0.04211980900000001
1.062468373,0.044994769
1.059912845,0.04435588900000001
1.057037876,0.043397569
1.054162907,0.045633649000000005
1.051607379,0.044994769
1.04873241,0.04435588900000001
1.045857441,0.046591969
1.042982472,0.04435588900000001
1.039468621,0.045633649000000005
1.036913093,0.04627252900000001
1.033718683,0.04435588900000001
1.030843714,0.04627252900000001
1.027968745,0.04531420900000001
1.023816012,0.045633649000000005
1.021260484,0.04786972900000001
1.018066074,0.04531420900000001
1.014871664,0.04850860900000001
1.012316136,0.047230849000000005
1.008482844,0.04755028900000001
1.005927316,0.04946692900000001
1.002732906,0.046591969
0.999538496,0.04946692900000001
0.996663527,0.04786972900000001
0.993469117,0.04946692900000001
0.990594148,0.04978636900000001
0.987719179,0.05010580900000001
0.984524769,0.05106412900000001
0.9816498,0.04914748900000001
0.97845539,0.05170300900000001
0.97526098,0.04914748900000001
0.971427688,0.05234188900000001
0.969511042,0.05010580900000001
0.965358309,0.05138356900000001
0.963122222,0.05138356900000001
0.9586500480000002,0.05138356900000001
0.955775079,0.05266132900000001
0.952261228,0.05074468900000001
0.948747377,0.053619649000000005
0.944275203,0.05010580900000001
0.940441911,0.05393908900000001
0.93692806,0.04946692900000001
0.931817004,0.05393908900000001
0.927983712,0.04786972900000001
0.9225532150000002,0.05489740900000001
0.9177616,0.048828049000000005
0.912011662,0.05489740900000001
0.90817837,0.05074468900000001
0.903706196,0.05649460900000001
0.899234022,0.055216849000000005
0.8957201710000001,0.05745292900000001
0.8909285560000002,0.060008449000000005
0.8877341460000001,0.05745292900000001
0.882303649,0.062883409
0.880387003,0.05585572900000001
0.875914829,0.06352228900000001
0.872720419,0.05713348900000001
0.869206568,0.061605649000000005
0.8650538350000002,0.06192508900000001
0.862178866,0.05809180900000001
0.8570678100000002,0.06703612900000001
0.8538734000000001,0.05968900900000001
0.849720667,0.06480004900000001
0.844929052,0.06575836900000001
0.842054083,0.05873068900000001
0.8366235860000002,0.069591649
0.831831971,0.063841729
0.828637561,0.06064732900000001
0.822568182,0.07214716900000001
0.8187348900000002,0.062883409
0.814582157,0.06192508900000001
0.807873896,0.06799444900000001
0.8040406040000002,0.05745292900000001
0.801485076,0.05649460900000001
0.795415697,0.05745292900000001
0.7915824050000002,0.047230849000000005
0.787429672,0.05138356900000001
0.7813602930000002,0.04946692900000001
0.7781658830000001,0.04307812900000001
0.7733742680000002,0.04755028900000001
0.768582653,0.04116148900000001
0.7644299200000002,0.03732820900000001
0.759638305,0.04148092900000001
0.755166131,0.033814369000000004
0.75165228,0.035411569000000004
0.7474995470000002,0.033175489
0.7430273730000002,0.027745009000000005
0.739194081,0.030619969000000004
0.7350413480000002,0.025828369000000004
0.731208056,0.022953409000000004
0.7260970000000002,0.024550609000000004
0.7225831490000002,0.018161809000000004
0.718430416,0.019759009000000004
0.7145971240000001,0.015925729000000003
0.7104443910000001,0.012731329000000005
0.705972217,0.014009089000000002
0.7021389250000001,0.009536929
0.699263956,0.008898049000000002
0.6944723410000001,0.006342529
0.690319608,0.002828689
0.6855279930000001,0.003467569
0.68137526,-4.6271000000000506e-05
0.676903086,-4.6271000000000506e-05
0.672430912,-0.001324031000000001
0.6682781790000001,-0.0073933910000000035
0.664125446,-0.008032271
0.659653272,-0.010907231000000003
0.6548616570000001,-0.012504431000000003
0.650708924,-0.014421071
0.6465561910000001,-0.017934911
0.6420840170000001,-0.018893231000000003
0.6376118430000001,-0.021768191000000003
0.633778551,-0.024643151
0.6286674950000001,-0.022407071000000004
0.623556439,-0.023365391000000003
0.619084265,-0.023365391000000003
0.613334327,-0.023684831000000003
0.608862153,-0.023684831000000003
0.603112215,-0.023365391000000003
0.5980011590000001,-0.024004271000000004
0.5925706620000001,-0.023045951
0.5884179290000001,-0.024004271000000004
0.582987432,-0.023365391000000003
0.578515258,-0.023365391000000003
0.5734042020000001,-0.024004271000000004
0.5686125870000001,-0.023365391000000003
0.5631820900000001,-0.023684831000000003
0.559348798,-0.023045951
0.554557183,-0.023684831000000003
0.5494461270000001,-0.023684831000000003
0.5440156300000001,-0.024004271000000004
0.5392240150000001,-0.023045951
0.5347518410000001,-0.023365391000000003
0.529960226,-0.023684831000000003
0.525168611,-0.021448751
0.5222936420000001,-0.024962591000000003
0.5171825860000001,-0.023684831000000003
0.5114326480000001,-0.023365391000000003
0.507279915,-0.022726511
0.5031271820000001,-0.024323711
0.497377244,-0.023045951
0.49290507,-0.023365391000000003
0.487474573,-0.024962591000000003
0.481724635,-0.023684831000000003
0.476294138,-0.024004271000000004
0.470863641,-0.024323711
0.465433144,-0.024004271000000004
0.459363765,-0.024004271000000004
0.454891591,-0.024323711
0.449141653,-0.024643151
0.443072274,-0.024323711
0.438280659,-0.024643151
0.433169603,-0.023684831000000003
0.428058547,-0.024004271000000004
0.422947491,-0.024004271000000004
0.417836435,-0.024004271000000004
0.412725379,-0.023684831000000003
0.408253205,-0.023684831000000003
0.403781031,-0.023684831000000003
0.398669975,-0.023365391000000003
0.394197801,-0.023684831000000003
0.389406186,-0.023045951
0.384934012,-0.024004271000000004
0.380461838,-0.023365391000000003
0.376628546,-0.023365391000000003
0.371836931,-0.023365391000000003
0.367364757,-0.024004271000000004
0.363212024,-0.023684831000000003
0.358420409,-0.023045951
0.353948235,-0.023684831000000003
0.34915662000000003,-0.023684831000000003
0.344684446,-0.023684831000000003
0.33957339,-0.024004271000000004
0.335420657,-0.023365391000000003
0.330309601,-0.023684831000000003
0.326156868,-0.023365391000000003
0.321045812,-0.023684831000000003
0.315934756,-0.023365391000000003
0.311143141,-0.023684831000000003
0.306670967,-0.023365391000000003
0.301559911,-0.023684831000000003
0.296768296,-0.023365391000000003
0.292615563,-0.023684831000000003
0.287823948,-0.023684831000000003
0.283671215,-0.024004271000000004
0.279199041,-0.023365391000000003
0.274407426,-0.023365391000000003
0.270254693,-0.023365391000000003
0.266421401,-0.023684831000000003
0.261949227,-0.023045951
0.258115935,-0.023365391000000003
0.253963202,-0.023045951
0.249491028,-0.024323711
0.245018854,-0.023365391000000003
0.24054668,-0.023684831000000003
0.236074506,-0.023365391000000003
0.232241214,-0.023684831000000003
0.227130158,-0.023365391000000003
0.222338543,-0.024004271000000004
0.218505251,-0.023365391000000003
0.213394195,-0.023684831000000003
0.20860258,-0.024004271000000004
0.203810965,-0.023365391000000003
0.199338791,-0.024004271000000004
0.194227735,-0.023684831000000003
0.18943612,-0.023684831000000003
0.184005623,-0.024643151
0.178894567,-0.024004271000000004
0.173783511,-0.024323711
0.168353014,-0.024643151
0.162922517,-0.023684831000000003
0.15749202,-0.024004271000000004
0.152380964,-0.024004271000000004
0.147589349,-0.024004271000000004
0.142478293,-0.023684831000000003
0.137367237,-0.023684831000000003
0.132895063,-0.024004271000000004
0.127464566,-0.024004271000000004
0.122672951,-0.023684831000000003
0.117881336,-0.024004271000000004
0.113409162,-0.023684831000000003
0.108617547,-0.024323711
0.10318705,-0.023365391000000003
0.098075994,-0.024004271000000004
0.093923261,-0.024004271000000004
0.08881220499999998,-0.024323711
0.08402058999999998,-0.023045951
0.07922897499999998,-0.024323711
0.074756801,-0.023684831000000003
0.06932630399999999,-0.024004271000000004
0.06453468899999999,-0.024323711
0.059423633,-0.024323711
0.054312577,-0.023045951
0.049201521000000005,-0.024323711
0.044409906,-0.023684831000000003
0.039618291,-0.024004271000000004
0.034187794,-0.023684831000000003
0.029076738,-0.024323711
0.023646241,-0.023684831000000003
0.018854626000000003,-0.024643151
0.013104688,-0.023684831000000003
0.007993632,-0.023684831000000003
0.002563135,-0.023684831000000003
-0.00222848,-0.024323711
-0.007978418000000001,-0.024004271000000004
-0.012770033,-0.024323711
-0.017881089,-0.024323711
-0.023631027,-0.024323711
-0.028742083,-0.024004271000000004
-0.03417258,-0.024323711
-0.039283636,-0.024004271000000004
-0.044075251,-0.024004271000000004
-0.049825189,-0.023684831000000003
-0.054936245,-0.023684831000000003
-0.060686183,-0.024323711
-0.065477798,-0.023684831000000003
-0.07090829500000001,-0.024004271000000004
-0.07601935100000001,-0.023684831000000003
-0.08176928900000002,-0.024323711
-0.086560904,-0.024004271000000004
-0.091352519,-0.024004271000000004
-0.096463575,-0.024004271000000004
-0.101574631,-0.023684831000000003
-0.106366246,-0.024004271000000004
-0.11083842,-0.024004271000000004
-0.115630035,-0.024004271000000004
-0.12042165,-0.023684831000000003
-0.12521326500000002,-0.023365391000000003
-0.129685439,-0.023365391000000003
-0.133838172,-0.023365391000000003
-0.138949228,-0.023684831000000003
-0.143740843,-0.024323711
-0.148213017,-0.023365391000000003
-0.153004632,-0.024004271000000004
-0.157796247,-0.023684831000000003
-0.162587862,-0.023684831000000003
-0.16706003600000002,-0.024004271000000004
-0.172171092,-0.023684831000000003
-0.17664326600000002,-0.024004271000000004
-0.181754322,-0.023684831000000003
-0.186865378,-0.023365391000000003
-0.191976434,-0.024323711
-0.196768049,-0.023684831000000003
-0.201879105,-0.024643151
-0.20667072,-0.023684831000000003
-0.211142894,-0.024323711
-0.21625395,-0.024323711
-0.220087242,-0.023365391000000003
-0.225517739,-0.023684831000000003
-0.229670472,-0.024004271000000004
-0.235100969,-0.023684831000000003
-0.239892584,-0.024004271000000004
-0.244684199,-0.023045951
-0.248836932,-0.024004271000000004
-0.25298966500000003,-0.023684831000000003
-0.25810072100000003,-0.023684831000000003
-0.26321177700000004,-0.024323711
-0.26768395100000003,-0.023365391000000003
-0.272475566,-0.023684831000000003
-0.276628299,-0.024004271000000004
-0.282058796,-0.023684831000000003
-0.286850411,-0.024004271000000004
-0.291322585,-0.023684831000000003
-0.2961142,-0.023684831000000003
-0.301225256,-0.024004271000000004
-0.30569743,-0.023365391000000003
-0.310808486,-0.024323711
-0.31528066,-0.023684831000000003
-0.320391716,-0.023684831000000003
-0.325183331,-0.023684831000000003
-0.329974946,-0.023684831000000003
-0.335086002,-0.023684831000000003
-0.339558176,-0.024004271000000004
-0.34403035000000004,-0.023684831000000003
-0.348821965,-0.023684831000000003
-0.35297469800000003,-0.024004271000000004
-0.357766313,-0.023365391000000003
-0.361919046,-0.023365391000000003
-0.366710661,-0.024323711
-0.371502276,-0.024323711
-0.37597445,-0.024643151
-0.381085506,-0.023365391000000003
-0.384918798,-0.023045951
-0.389390972,-0.023365391000000003
-0.393863146,-0.023684831000000003
-0.39833532,-0.023045951
-0.403126935,-0.023365391000000003
-0.407279668,-0.023045951
-0.411751842,-0.023045951
-0.415585134,-0.022726511
-0.419418426,-0.023365391000000003
-0.422932277,-0.023365391000000003
-0.42708501,-0.023684831000000003
-0.43027942,-0.023365391000000003
-0.434432153,-0.023684831000000003
-0.439223768,-0.023365391000000003
-0.443376501,-0.023365391000000003
-0.447848675,-0.024004271000000004
-0.45264029,-0.023684831000000003
-0.456793023,-0.023045951
-0.461584638,-0.024004271000000004
-0.466376253,-0.023684831000000003
-0.470848427,-0.023684831000000003
-0.475640042,-0.023684831000000003
-0.480431657,-0.023365391000000003
-0.484903831,-0.024643151
-0.490014887,-0.024004271000000004
-0.495125943,-0.023365391000000003
-0.499917558,-0.023684831000000003
-0.504709173,-0.024004271000000004
-0.509181347,-0.024323711
-0.513653521,-0.023684831000000003
-0.518445136,-0.023365391000000003
-0.523236751,-0.024323711
-0.527708925,-0.023684831000000003
-0.532819981,-0.024004271000000004
-0.537611596,-0.024323711
-0.5427226519999999,-0.024323711
-0.5471948259999999,-0.024323711
-0.5529447639999999,-0.024323711
-0.55805582,-0.024004271000000004
-0.562527994,-0.024004271000000004
-0.5676390499999999,-0.024643151
-0.572430665,-0.024323711
-0.577541721,-0.026240351
-0.582972218,-0.028476431000000003
-0.587124951,-0.030712511000000005
-0.591916566,-0.033268031
-0.59638874,-0.036142991000000006
-0.601180355,-0.037740191000000006
-0.606610852,-0.037740191000000006
-0.6117219079999999,-0.039656831
-0.615874641,-0.044128991000000006
-0.620027374,-0.045087311000000005
-0.625777312,-0.04700395100000001
-0.629930045,-0.051476111000000005
-0.6344022189999999,-0.05339275100000001
-0.638554952,-0.05562883100000001
-0.643027126,-0.057864911000000005
-0.648138182,-0.05722603100000001
-0.651971474,-0.06233707100000001
-0.65708253,-0.06137875100000001
-0.661874145,-0.066170351
-0.665707437,-0.068406431
-0.671137934,-0.06936475100000002
-0.675290667,-0.073836911
-0.6807211639999999,-0.072878591
-0.6851933379999999,-0.07767019100000001
-0.68902663,-0.08086459100000001
-0.695096009,-0.08086459100000001
-0.699568183,-0.08693395100000001
-0.704679239,-0.08533675100000002
-0.710109736,-0.08948947100000001
-0.713623587,-0.095239391
-0.719692966,-0.092683871
-0.724484581,-0.09971155100000001
-0.7292761959999998,-0.09971155100000001
-0.7353455749999999,-0.098433791
-0.7385399849999998,-0.10897531100000002
-0.7442899229999999,-0.10578091100000002
-0.750359302,-0.107058671
-0.7541925939999998,-0.11504467100000002
-0.7599425319999998,-0.108655871
-0.764734147,-0.11760019100000002
-0.768567439,-0.12207235100000002
-0.7752757,-0.11440579100000002
-0.7787895509999998,-0.12590563100000002
-0.782942284,-0.12558619100000004
-0.789969986,-0.11823907100000002
-0.792206073,-0.13421107100000004
-0.796678247,-0.13069723100000002
-0.8030670669999999,-0.124308431
-0.805622595,-0.13740547100000003
-0.8120114149999998,-0.12654451100000003
-0.817122471,-0.12558619100000004
-0.8206363219999998,-0.12718339100000003
-0.8267057009999998,-0.115683551
-0.8302195519999999,-0.122391791
-0.835011167,-0.11536411100000002
-0.8398027819999998,-0.116961311
-0.8426777509999999,-0.12079459100000002
-0.8477888069999998,-0.114725231
-0.8503443349999998,-0.124308431
-0.8544970679999998,-0.11632243100000002
-0.858649801,-0.122391791
-0.8628025339999998,-0.11760019100000002
-0.867594149,-0.116961311
-0.870149677,-0.11664187100000002
-0.8752607329999998,-0.112808591
-0.877816261,-0.11632243100000002
-0.882607876,-0.109614191
-0.8851634039999998,-0.116002991
-0.889316137,-0.11025307100000002
-0.8921911059999998,-0.116961311
-0.8966632799999998,-0.11089195100000002
-0.900496572,-0.11664187100000002
-0.904010423,-0.111530831
-0.908482597,-0.11536411100000002
-0.911677007,-0.10993363100000002
-0.91582974,-0.113766911
-0.920301914,-0.108336431
-0.923815765,-0.11216971100000002
-0.927968498,-0.106100351
-0.931482349,-0.111850271
-0.935954523,-0.106100351
-0.939468374,-0.11216971100000002
-0.943940548,-0.107378111
-0.94777384,-0.112489151
-0.952884896,-0.10897531100000002
-0.958315393,-0.112808591
-0.964065331,-0.10769755100000002
-0.966301418,-0.108336431
-0.9704541510000002,-0.106419791
-0.973009679,-0.102905951
-0.976842971,-0.103864271
-0.981315145,-0.10162819100000002
-0.986745642,-0.10482259100000002
-0.990259493,-0.103225391
-0.993134462,-0.10482259100000002
-0.996967754,-0.10578091100000002
-0.9988844,-0.102905951
-1.00207881,-0.103864271
-1.0062315430000002,-0.100669871
-1.009425953,-0.100989311
-1.011981481,-0.100030991
-1.015495332,-0.099072671
-1.019009183,-0.101947631
-1.020925829,-0.099072671
-1.0241202390000002,-0.100989311
-1.027314649,-0.100989311
-1.029870177,-0.098753231
-1.033064587,-0.10130875100000002
-1.0356201150000002,-0.098433791
-1.039133966,-0.09939211100000002
-1.042008935,-0.09939211100000002
-1.045203345,-0.098114351
-1.047439432,-0.100030991
-1.0515921650000002,-0.098433791
-1.0535088110000002,-0.097794911
-1.057022662,-0.09939211100000002
-1.059897631,-0.096836591
-1.063092041,-0.098114351
-1.06596701,-0.097794911
-1.068841979,-0.09651715100000001
-1.07235583,-0.097794911
-1.07555024,-0.097475471
-1.0784252090000002,-0.095878271
-1.081619619,-0.098753231
-1.0851334700000002,-0.09651715100000001
-1.088647321,-0.095878271
-1.091202849,-0.097156031
-1.0943972590000002,-0.095239391
-1.096952787,-0.094600511
-1.100466638,-0.09619771100000002
-1.103980489,-0.094281071
-1.106216576,-0.094600511
-1.108772104,-0.095558831
-1.1122859550000002,-0.094600511
-1.1148414830000002,-0.093642191
-1.117716452,-0.095239391
-1.120910862,-0.09332275100000001
-1.123146949,-0.092683871
-1.126341359,-0.093642191
-1.12985521,-0.09300331100000002
-1.132091297,-0.091725551
-1.1349662660000002,-0.09300331100000002
-1.1372023530000002,-0.09300331100000002
-1.140077322,-0.091406111
-1.142952291,-0.092364431
-1.14582726,-0.092683871
-1.148063347,-0.090767231
-1.151577198,-0.091086671
-1.153813285,-0.092683871
-1.156049372,-0.091086671
-1.159243782,-0.090447791
-1.161160428,-0.092364431
-1.164674279,-0.091725551
-1.1665909250000002,-0.091406111
-1.169465894,-0.090767231
-1.172660304,-0.091725551
-1.1755352730000002,-0.091086671
-1.176813037,-0.09332275100000001
-1.179688006,-0.09651715100000001
-1.181924093,-0.097794911
-1.18416018,-0.098753231
-1.185757385,-0.103864271
-1.188312913,-0.11025307100000002
-1.190549,-0.111530831
-1.192465646,-0.11504467100000002
-1.194382292,-0.11983627100000002
-1.196298938,-0.12622507100000002
-1.1982155840000002,-0.12846115100000002
-1.2007711120000002,-0.13229443100000005
-1.2026877580000002,-0.13644715100000004
-1.203965522,-0.14219707100000004
-1.2052432860000002,-0.14890531100000004
-1.206840491,-0.15593299100000005
-1.208757137,-0.16711339100000003
-1.2093960190000002,-0.17733547100000005
-1.210034901,-0.18851587100000003
-1.211312665,-0.19937683100000003
-1.212590429,-0.21023779100000003
-1.2141876340000002,-0.22141819100000004
-1.215145957,-0.22972363100000004
-1.2164237210000002,-0.2418623510000001
-1.218020926,-0.25304275100000007
-1.21929869,-0.26454259100000005
-1.221215336,-0.2750841110000001
-1.2224931,-0.28722283100000007
-1.224409746,-0.29776435100000004
-1.226326392,-0.30575035100000003
-1.228243038,-0.3140557910000001
-1.2298402430000002,-0.3223612310000001
-1.230798566,-0.33162499100000004
-1.2323957710000002,-0.33737491100000006
-1.234951299,-0.34440259100000004
-1.2365485040000002,-0.35302747100000004
-1.2391040320000002,-0.361652351
-1.240701237,-0.3699577910000001
-1.242937324,-0.374429951
-1.244215088,-0.38081875100000007
-1.246451175,-0.38497147100000007
-1.248367821,-0.3900825110000001
-1.250923349,-0.3958324310000001
-1.252839995,-0.3993462710000001
-1.254117759,-0.40541563100000005
-1.256673287,-0.40573507100000006
-1.257951051,-0.4092489110000001
-1.260187138,-0.40988779100000006
-1.261145461,-0.4134016310000001
-1.263381548,-0.4162765910000001
-1.264339871,-0.4156377110000001
-1.265617635,-0.41435995100000006
-1.267853722,-0.4086100310000001
-1.268812045,-0.4076517110000001
-1.269770368,-0.4009434710000001
-1.2704092500000002,-0.3955129910000001
-1.272006455,-0.39327691100000006
-1.2726453370000002,-0.3868881110000001
-1.2726453370000002,-0.38465203100000006
-1.274242542,-0.38017987100000006
-1.275520306,-0.374429951
-1.276478629,-0.37123555100000005
-1.27679807,-0.36708283100000005
-1.278395275,-0.36772171100000006
-1.279353598,-0.36356899100000006
-1.2796730390000002,-0.365805071
-1.281589685,-0.3654856310000001
-1.282548008,-0.3651661910000001
-1.28318689,-0.36324955100000006
-1.283506331,-0.3603745910000001
-1.284784095,-0.36293011100000006
-1.285742418,-0.36420787100000007
-1.287978505,-0.365805071
-1.288297946,-0.36740227100000006
-1.289895151,-0.36804115100000007
-1.2911729150000002,-0.370596671
-1.292450679,-0.370596671
-1.29277012,-0.37123555100000005
-1.294686766,-0.3728327510000001
-1.2953256480000002,-0.36804115100000007
-1.296922853,-0.36836059100000007
-1.2978811760000002,-0.3645273110000001
-1.2975617350000002,-0.361652351
-1.29915894,-0.35909683100000006
-1.300436704,-0.35749963100000004
-1.300756145,-0.35494411100000006
-1.301714468,-0.35143027100000007
-1.3020339090000002,-0.35015251100000006
-1.303631114,-0.3434442710000001
-1.303950555,-0.34088875100000005
-1.303950555,-0.34216651100000006
-1.305867201,-0.34056931100000004
-1.3068255240000002,-0.3437637110000001
-1.307464406,-0.33705547100000005
-1.308422729,-0.3399304310000001
-1.309381052,-0.3344999510000001
-1.3090616110000002,-0.33386107100000006
-1.310658816,-0.33002779100000007
-1.310658816,-0.3226806710000001
-1.312575462,-0.32459731100000005
-1.312256021,-0.3178890710000001
-1.313214344,-0.32459731100000005
-1.31513099,-0.32140291100000007
-1.31513099,-0.31629187100000006
-1.31513099,-0.31884739100000004
-1.316408754,-0.31309747100000007
-1.317367077,-0.31501411100000004
-1.317686518,-0.30447259100000007
-1.3183254,-0.30670867100000004
-1.318644841,-0.30447259100000007
-1.319283723,-0.29776435100000004
-1.3202420460000002,-0.29712547100000003
-1.320880928,-0.28594507100000005
-1.320880928,-0.29329219100000004
-1.3224781330000002,-0.28498675100000004
-1.322158692,-0.28243123100000006
-1.3227975740000002,-0.28179235100000005
-1.3227975740000002,-0.27316747100000005
-1.324075338,-0.27795907100000006
-1.324075338,-0.2664592310000001
-1.324394779,-0.271250831
-1.3250336610000002,-0.26582035100000007
-1.325672543,-0.2623065110000001
-1.326311425,-0.26294539100000003
-1.326311425,-0.25208443100000005
-1.326311425,-0.25687603100000006
-1.3269503070000002,-0.25048723100000003
-1.3269503070000002,-0.25144555100000004
-1.32790863,-0.24761227100000005
-1.32790863,-0.24122347100000005
-1.328228071,-0.24473731100000004
-1.3291863940000002,-0.23707075100000005
-1.330144717,-0.2418623510000001
-1.330464158,-0.23675131100000005
-1.329825276,-0.23579299100000004
-1.330783599,-0.23834851100000004
-1.3314224810000002,-0.23100139100000008
-1.3314224810000002,-0.23579299100000004
-1.3314224810000002,-0.22812643100000005
-1.332061363,-0.23100139100000008
-1.332700245,-0.22812643100000005
-1.332061363,-0.22461259100000008
-1.333019686,-0.22748755100000004
-1.3336585680000002,-0.22045987100000008
-1.334616891,-0.22461259100000008
-1.3339780090000002,-0.21950155100000004
-1.33429745,-0.21982099100000005
-1.334936332,-0.22014043100000005
-1.3358946550000002,-0.21470995100000004
-1.334936332,-0.21630715100000003
-1.335575214,-0.21215443100000003
-1.3362140960000002,-0.21598771100000003
-1.337172419,-0.21279331100000004
-1.336533537,-0.21055723100000004
-1.337172419,-0.21183499100000008
-1.337172419,-0.20768227100000003
-1.33749186,-0.21023779100000003
-1.3384501830000002,-0.20544619100000008
-1.3381307420000002,-0.20544619100000008
-1.3384501830000002,-0.20225179100000004
-1.339089065,-0.20033515100000004
-1.3381307420000002,-0.19937683100000003
-1.339089065,-0.19266859100000003
-1.339089065,-0.19394635100000004
-1.339727947,-0.18915475100000004
-1.339727947,-0.18723811100000004
-1.339727947,-0.18404371100000003
-1.339408506,-0.17957155100000005
-1.340047388,-0.17829379100000003
-1.339408506,-0.17541883100000005
-1.339727947,-0.17477995100000004
-1.339727947,-0.17126611100000003
-1.339727947,-0.16743283100000003
-1.339408506,-0.16647451100000005
-1.340366829,-0.16391899100000004
-1.340047388,-0.16200235100000004
-1.340047388,-0.16072459100000003
-1.340047388,-0.15784963100000005
-1.340047388,-0.15657187100000003
-1.340047388,-0.15241915100000003
-1.340366829,-0.15209971100000003
-1.3406862700000002,-0.15050251100000003
-1.339727947,-0.14762755100000002
-1.340047388,-0.14666923100000004
-1.340047388,-0.14187763100000003
-1.3406862700000002,-0.14251651100000004
-1.339727947,-0.13740547100000003
-1.340047388,-0.13676659100000002
-1.340047388,-0.13133611100000003
-1.339408506,-0.12878059100000003
-1.339408506,-0.12750283100000004
-1.338769624,-0.121114031
-1.339089065,-0.121114031
-1.3384501830000002,-0.11440579100000002
-1.33749186,-0.11312803100000002
-1.3381307420000002,-0.107058671
-1.337811301,-0.103864271
-1.337811301,-0.100030991
-1.336533537,-0.094919951
-1.336533537,-0.092364431
-1.334936332,-0.084697871
-1.3339780090000002,-0.08437843100000003
-1.332380804,-0.08310067100000001
-1.33110304,-0.08118403100000003
-1.330144717,-0.076072991
-1.328866953,-0.07575355100000002
-1.326630866,-0.073836911
-1.3247142200000002,-0.075114671
-1.3227975740000002,-0.075114671
-1.320561487,-0.07543411100000001
-1.318964282,-0.075114671
-1.317367077,-0.07415635100000001
-1.31513099,-0.07447579100000001
-1.312575462,-0.074795231
-1.310658816,-0.07735075100000001
-1.309381052,-0.07575355100000002
-1.307144965,-0.07543411100000001
-1.304908878,-0.075114671
-1.303311673,-0.076072991
-1.301395027,-0.07671187100000001
-1.300436704,-0.07735075100000001
-1.298839499,-0.076072991
-1.296603412,-0.07543411100000001
-1.2956450890000002,-0.07671187100000001
-1.293728443,-0.07767019100000001
-1.292450679,-0.07767019100000001
-1.2908534740000002,-0.07639243100000001
-1.2886173870000002,-0.07671187100000001
-1.287659064,-0.07639243100000001
-1.286061859,-0.07767019100000001
-1.285103536,-0.07671187100000001
-1.283506331,-0.07639243100000001
-1.281270244,-0.07575355100000002
-1.279034157,-0.07671187100000001
-1.2774369520000002,-0.077031311
-1.275839747,-0.07735075100000001
-1.274561983,-0.07575355100000002
-1.271687014,-0.07639243100000001
-1.270089809,-0.077031311
-1.267853722,-0.077031311
-1.2659370760000002,-0.07639243100000001
-1.2637009890000002,-0.075114671
-1.2614649020000002,-0.07639243100000001
-1.258909374,-0.07735075100000001
-1.256673287,-0.07767019100000001
-1.255395523,-0.07671187100000001
-1.252839995,-0.07639243100000001
-1.25124279,-0.07767019100000001
-1.248687262,-0.078309071
-1.247090057,-0.07767019100000001
-1.245173411,-0.077031311
-1.242617883,-0.07767019100000001
-1.240701237,-0.07862851100000001
-1.239423473,-0.078309071
-1.237187386,-0.07735075100000001
-1.2343124170000002,-0.077031311
-1.2323957710000002,-0.078309071
-1.2298402430000002,-0.079267391
-1.228243038,-0.07767019100000001
-1.226006951,-0.07735075100000001
-1.223770864,-0.077989631
-1.2208958950000002,-0.07862851100000001
-1.2186598080000002,-0.07767019100000001
-1.2164237210000002,-0.07671187100000001
-1.2141876340000002,-0.077989631
-1.2116321060000002,-0.07894795100000002
-1.208757137,-0.078309071
-1.205882168,-0.07735075100000001
-1.203646081,-0.07862851100000001
-1.2004516710000002,-0.07894795100000002
-1.197896143,-0.077989631
-1.195021174,-0.07767019100000001
-1.192465646,-0.079267391
-1.189590677,-0.07990627100000001
-1.186396267,-0.07862851100000001
-1.18416018,-0.07862851100000001
-1.181285211,-0.07958683100000001
-1.178410242,-0.080225711
-1.1758547140000002,-0.07894795100000002
-1.1732991860000002,-0.079267391
-1.170743658,-0.08086459100000001
-1.16818813,-0.080225711
-1.165632602,-0.079267391
-1.1621187510000002,-0.080225711
-1.159563223,-0.081503471
-1.157007695,-0.07958683100000001
-1.153493844,-0.07958683100000001
-1.150299434,-0.08054515100000001
-1.148063347,-0.080225711
-1.1442300550000002,-0.07894795100000002
-1.140396763,-0.08086459100000001
-1.137521794,-0.08054515100000001
-1.135285707,-0.08086459100000001
-1.131132974,-0.080225711
-1.128577446,-0.082461791
-1.124424713,-0.08054515100000001
-1.120910862,-0.08182291100000001
-1.118674775,-0.08310067100000001
-1.1145220420000002,-0.081503471
-1.111647073,-0.08214235100000002
-1.108772104,-0.08373955100000001
-1.1055776940000002,-0.082461791
-1.102383284,-0.08310067100000001
-1.099188874,-0.084697871
-1.096952787,-0.08405899100000001
-1.093758377,-0.08405899100000001
-1.090883408,-0.08629507100000001
-1.088647321,-0.084697871
-1.086091793,-0.08501731100000001
-1.083536265,-0.086614511
-1.080341855,-0.08533675100000002
-1.078105768,-0.085656191
-1.075230799,-0.08725339100000001
-1.07235583,-0.08533675100000002
-1.069800302,-0.086614511
-1.0672447740000002,-0.087892271
-1.064050364,-0.08533675100000002
-1.061494836,-0.08821171100000001
-1.058939308,-0.08757283100000003
-1.05638378,-0.086614511
-1.0538282520000002,-0.08821171100000001
-1.050953283,-0.08725339100000001
-1.048397755,-0.08725339100000001
-1.046161668,-0.08917003100000001
-1.043286699,-0.08693395100000001
-1.039772848,-0.088850591
-1.03721732,-0.088850591
-1.034342351,-0.087892271
-1.032106264,-0.09012835100000001
-1.0289118540000002,-0.08757283100000003
-1.0266757670000002,-0.089808911
-1.023800798,-0.09012835100000001
-1.020606388,-0.088850591
-1.01805086,-0.091725551
-1.014537009,-0.08821171100000001
-1.011981481,-0.091086671
-1.009106512,-0.08948947100000001
-1.004634338,-0.08917003100000001
-1.002717692,-0.091406111
-0.9988844,-0.088850591
-0.99568999,-0.092044991
-0.992176139,-0.089808911
-0.988662288,-0.092364431
-0.985787319,-0.091725551
-0.980995704,-0.091406111
-0.978120735,-0.092683871
-0.974287443,-0.091725551
-0.9704541510000002,-0.093961631
-0.967259741,-0.090447791
-0.962787567,-0.094919951
-0.959273716,-0.090767231
-0.955120983,-0.095878271
-0.951607132,-0.090767231
-0.946815517,-0.09651715100000001
-0.942982225,-0.090447791
-0.93819061,-0.09651715100000001
-0.9343573180000002,-0.09012835100000001
-0.928287939,-0.096836591
-0.924454647,-0.091086671
-0.91902415,-0.098114351
-0.915190858,-0.092683871
-0.9094409200000002,-0.10130875100000002
-0.905288187,-0.095239391
-0.900816013,-0.102267071
-0.8963438389999998,-0.098114351
-0.892829988,-0.09971155100000001
-0.8873994909999998,-0.10130875100000002
-0.8832467579999999,-0.096836591
-0.879094025,-0.105461471
-0.875580174,-0.097475471
-0.8714274409999998,-0.105142031
-0.8663163849999999,-0.10450315100000002
-0.863121975,-0.10130875100000002
-0.8580109189999998,-0.11121139100000002
-0.8538581859999999,-0.102267071
-0.8500248939999998,-0.10578091100000002
-0.845233279,-0.11025307100000002
-0.842038869,-0.10130875100000002
-0.8378861359999998,-0.11025307100000002
-0.8324556389999999,-0.112808591
-0.82958067,-0.10354483100000002
-0.825747378,-0.111850271
-0.820316881,-0.10673923100000002
-0.8187196759999998,-0.09971155100000001
-0.8132891789999999,-0.10578091100000002
-0.8097753279999998,-0.098753231
-0.8072197999999998,-0.093961631
-0.802108744,-0.100989311
-0.797956011,-0.09300331100000002
-0.795400483,-0.09300331100000002
-0.7912477499999998,-0.093961631
-0.7870950169999998,-0.085656191
-0.784220048,-0.08917003100000001
-0.7787895509999998,-0.08693395100000001
-0.776234023,-0.08054515100000001
-0.7714424079999999,-0.08405899100000001
-0.767289675,-0.078309071
-0.7634563829999998,-0.07543411100000001
-0.758345327,-0.07767019100000001
-0.7545120349999999,-0.07096195100000001
-0.750359302,-0.07223971100000001
-0.745887128,-0.06904531100000001
-0.742373277,-0.064253711
-0.737901103,-0.067448111
-0.7337483699999998,-0.06137875100000001
-0.7292761959999998,-0.060739871000000015
-0.724484581,-0.05914267100000001
-0.7200124069999999,-0.05403163100000001
-0.7155402329999999,-0.05562883100000001
-0.711706941,-0.05019835100000001
-0.706915326,-0.048920591000000006
-0.7021237109999999,-0.048281711000000005
-0.697970978,-0.04317067100000001
-0.693818245,-0.044128991000000006
-0.688707189,-0.03997627100000001
-0.684235015,-0.037740191000000006
-0.678804518,-0.035823551
-0.674651785,-0.032948591000000006
-0.6704990519999999,-0.032309711000000005
-0.6660268779999999,-0.029434751
-0.661874145,-0.026879231000000003
-0.6567630889999999,-0.024962591000000003
-0.651971474,-0.021448751
-0.6478187409999999,-0.019212671
-0.642388244,-0.020170991000000003
-0.6375966289999999,-0.017615471
-0.6331244549999999,-0.017934911
-0.6273745169999999,-0.017934911
-0.622582902,-0.018254351
-0.617471846,-0.018573791000000003
-0.6126802309999999,-0.018254351
-0.606291411,-0.018254351
-0.601819237,-0.017934911
-0.597347063,-0.017615471
-0.591916566,-0.017934911
-0.586166628,-0.017296031000000003
-0.582013895,-0.018254351
-0.576902839,-0.018254351
-0.572430665,-0.018254351
-0.567319609,-0.017615471
-0.562208553,-0.018254351
-0.557736379,-0.017934911
-0.552625323,-0.018573791000000003
-0.547833708,-0.018254351
-0.544319857,-0.018254351
-0.539208801,-0.017615471
-0.5347366269999999,-0.017934911
-0.5302644529999999,-0.020170991000000003
-0.5270700429999999,-0.017296031000000003
-0.5222784279999999,-0.017296031000000003
-0.51652849,-0.019212671
-0.513014639,-0.017934911
-0.5088619059999999,-0.018254351
-0.504070291,-0.017934911
-0.499278676,-0.018893231000000003
-0.494806502,-0.016018271
-0.488417682,-0.017615471
-0.484264949,-0.019212671
-0.480112216,-0.017934911
-0.474362278,-0.016657151000000002
-0.469570663,-0.017934911
-0.463501284,-0.017296031000000003
-0.457751346,-0.017296031000000003
-0.45264029,-0.017296031000000003
-0.447529234,-0.017296031000000003
-0.441459855,-0.017296031000000003
-0.43666824,-0.018254351
-0.432515507,-0.017296031000000003
-0.427404451,-0.017296031000000003
-0.421973954,-0.017615471
-0.416862898,-0.017615471
-0.412071283,-0.017934911
-0.40791855,-0.017615471
-0.404085258,-0.018254351
-0.398654761,-0.017934911
-0.394502028,-0.018254351
-0.389710413,-0.017296031000000003
-0.384918798,-0.017934911
-0.380766065,-0.017934911
-0.37597445,-0.017615471
-0.371182835,-0.017615471
-0.366710661,-0.017615471
-0.362557928,-0.017615471
-0.357766313,-0.017296031000000003
-0.352655257,-0.018254351
-0.348183083,-0.017296031000000003
-0.342752586,-0.017615471
-0.338599853,-0.018254351
-0.333488797,-0.017615471
-0.329016623,-0.017296031000000003
-0.323266685,-0.017615471
-0.31911395200000003,-0.018254351
-0.314322337,-0.017615471
-0.30953072200000004,-0.017615471
-0.305058548,-0.017296031000000003
-0.300266933,-0.017615471
-0.295475318,-0.018254351
-0.291003144,-0.017615471
-0.287169852,-0.017934911
-0.28237823700000003,-0.018573791000000003
-0.278225504,-0.018254351
-0.274711653,-0.018573791000000003
-0.269600597,-0.017934911
-0.266725628,-0.017934911
-0.261295131,-0.017934911
-0.257461839,-0.018254351
-0.25298966500000003,-0.017615471
-0.247239727,-0.017615471
-0.243406435,-0.017934911
-0.23861482,-0.017934911
-0.234462087,-0.017934911
-0.228712149,-0.017296031000000003
-0.224239975,-0.017296031000000003
-0.219767801,-0.016976591000000003
-0.214017863,-0.017615471
-0.209226248,-0.017296031000000003
-0.20347631,-0.017934911
-0.198684695,-0.017934911
-0.193254198,-0.017615471
-0.188462583,-0.017615471
-0.183351527,-0.017296031000000003
-0.17855991200000002,-0.017615471
-0.17408773800000002,-0.017615471
-0.169615564,-0.017934911
-0.16418506700000002,-0.017934911
-0.15939345200000002,-0.017615471
-0.15460183700000002,-0.017615471
-0.14981022200000002,-0.017934911
-0.14501860700000002,-0.016976591000000003
-0.14022699200000002,-0.017934911
-0.13511593600000002,-0.017615471
-0.131282644,-0.017615471
-0.126171588,-0.017615471
-0.121379973,-0.017615471
-0.116588358,-0.017615471
-0.111477302,-0.017296031000000003
-0.106685687,-0.016976591000000003
-0.101894072,-0.017934911
-0.097102457,-0.017615471
